id,type,text,image,onEnter,choice1_id,choice1_label,choice1_visibility,choice1_mechanic,choice1_onselect,choice2_id,choice2_label,choice2_visibility,choice2_mechanic,choice2_onselect,choice3_id,choice3_label,choice3_visibility,choice3_mechanic,choice3_onselect,choice4_id,choice4_label,choice4_visibility,choice4_mechanic,choice4_onselect,choice5_id,choice5_label,choice5_visibility,choice5_mechanic,choice5_onselect,choice6_id,choice6_label,choice6_visibility,choice6_mechanic,choice6_onselect
start,narrative,"The 0500 bell sends a low vibration through the stone walls of the Measured Scholars' dormitory. You open your eyes to the familiar grey ceiling, its cracks mapped in your memory like the trade routes on your study charts.

Your name is Vael. Junior Field Evaluator, Measured Scholars. Twenty-three years old and already trusted with district-level field assessments. You are good at what you do: observation, calculation, the patient art of finding where the cost actually went. The less patient art of finding truth in people has, so far, never featured in the formal curriculum.

The morning air carries the sharp mineral smell of alchemical fuel blocks burning in the city's infrastructure converters—the deep machinery that keeps Orvish's water, heat, and structural maintenance running. Through the narrow window, the spires of the upper city catch the first pale light while the lower districts still sleep beneath a blanket of industrial haze. It is, from this safe altitude, almost picturesque.

Your field kit sits open on the desk: three pre-inscribed diagnostic plates, a pouch of chalk, calipers and stress gauges, and a sealed case holding your Tier 2 fuel blocks. Enough for several days of serious assessment if you ration honestly. Your ledger lies open beside it, unfinished calculations waiting patiently for the version of you that will inevitably be too tired to finish them.",,,c_start_1,Review the assignment briefing.,,navigate:assignment_briefing,,c_start_2,Look out the window at the waking city first.,,navigate:morning_view,,c_start_3,Go back to sleep. The anomaly can wait.,,navigate:death_oversleep,,,,,,,,,,,,,,,,
morning_view,narrative,"You stand at the narrow window. Below the Scholar's Quarter, the city of Orvish unfolds in layers.

The upper terraces gleam with white stone and polished brass—the Coordinated Exchange Authority's administrative towers, the academies, the stone assembly halls where the Revolutionary Council holds its public sessions. Their buildings hold their shape because they are properly maintained with high-quality fuel and skilled circle work. You can see, even from here, the difference: clean joints, true lines, no visible patching.

Even from up here, things are not equal. There are those in the upper terrace who trained in the Valdmere Realm before its political troubles, who return now with credentials the republic struggles to officially recognize and unofficial connections it cannot ignore. You have never had occasion to think about them. Today is probably not the day either.

Orvish is the republic's largest port city — not the capital (that's Caldren, far to the northeast, where the Revolutionary Council holds court over problems it can barely see from this distance), but the city where trade actually happens. Where materials flow in and decisions about those materials flow out. Where the distance between an infrastructure commission memo and a collapsing seawall is exactly as long as it takes for a requisition to get lost in transit.

Below that, the working districts descend in concentric rings toward the waterfront. Then the industrial zone, then the lower docks. The buildings get rougher as you go down—timber reinforced with cheaper bonding paste, walls shored up with improvised circle work, the subtle sag of structures running on inadequate fuel.

At the very bottom, pressed against the grey water of the bay, lies Karet Bay. Its skyline is irregular in the way of places that have been repaired many times without the materials to do it properly.

Karet Bay has a particular history. Three generations ago, a trade consortium redirected the bay's freshwater inlet using large-scale alchemical flow manipulation. The port access improved. Then, over the following decade, the freshwater supply failed, the fisheries died, the drinking water collapsed, and tens of thousands of people were displaced.

The consortium's position was that the economic gains outweighed the cost.

The courts disagreed.

The legal principle that followed—environmental harm classified as harm to people—is cited in every environmental assessment you've been trained to file. You have cited it three times. You have never stood in the district it describes.

You will stand in it on this deployment—not as a single afternoon's errand, but as field work that may take more than one day to earn its answers.",,set_flag:saw_the_city:true,c_morning_1,Get dressed and check your assignment.,,navigate:assignment_briefing,,c_morning_2,Lean out for a closer look at the lower docks.,,navigate:death_window,,,,,,,,,,,,,,,,,,,,,
assignment_briefing,narrative,"In the common hall, Senior Scholar Mireth is already seated behind a desk stacked with incident reports. She is a thin woman with ink-stained fingers and the expression of someone who has been awake since before the bell and intends to make that everyone else's problem.

'Vael,' she says without looking up. 'Field assignment. Karet Bay lower docks, loading district. A harbor crane is operating at twenty-three percent above its rated structural load capacity. The maintenance circle logs show no authorized reinforcement work in the past four months. The fuel allocation records show normal consumption. Nothing explains the numbers.'

She slides a folder across the desk.

'Either the instruments are wrong, or someone has bonded an unauthorized circle to critical load-bearing infrastructure without proper materials or training.' She finally looks at you. 'You know what the Hollow Tower looked like before it fell? Performing fine. Nothing visible wrong. Passed two inspections. Right up until it didn't.'

She pauses. 'This is routine. Observe, calculate, file what the evidence supports.'

Another pause, shorter, harder to read.

'Preliminary findings within a few days. A full report when the numbers justify one—not when the calendar does.'

'And Vael—don't get creative down there.'

She glances at a second folder on the stack. 'Scholar Nev is doing a material audit for the harbor authority three streets from your assessment site. You may run into each other. Nev has been in the field longer than you have. Try not to learn the wrong lessons.'",,,c_brief_1,Understood. Preliminary findings in a few days; full report when justified.,,navigate:leave_quarter,,c_brief_2,Is there anything else I should know about the district?,,navigate:mireth_context,,,,,,,,,,,,,,,,,,,,,
mireth_context,narrative,"Mireth is quiet for a moment. She sets down her pen.

'I've been doing this work for nineteen years,' she says. 'Karet Bay is the third time I've seen this pattern. A district's material allocation gets quietly adjusted—officially, with paperwork—and six months later we're getting anomaly reports from the field. There's always a justification. The justification always sounds reasonable. The field reports never do.'

She's not reading from anything. This isn't briefing language.

She passed her senior field evaluator assessment on her second attempt—she mentioned it once, years ago, without self-pity. Nineteen years of accurate field reports, careful citations, and formally correct recommendations. She has spent her career doing the right work through the right channels. She has watched the channels deliver outcomes like this three times.

'I don't know what you'll find down there,' she says. 'The numbers in that folder are clean. What generates numbers like that is not usually clean.' She picks up her pen again. 'Your job is to assess the crane. That's all I'm asking you to do.'

She looks at you for a beat too long. 'You're good at this work, Vael. That's why I'm sending you. Just—don't forget that good work isn't the same as right work. Those are different things.'

You're not entirely sure what she means by that. You're also not sure she is. The examination system teaches you to see clearly. What to do with what you see—that part, apparently, is self-study.",,,c_mireth_1,Take the folder and head out.,,navigate:leave_quarter,,,,,,,,,,,,,,,,,,,,,,,,,,
leave_quarter,narrative,"You collect your field kit and run through the checklist before heading out.

Three pre-inscribed plates: a diagnostic circle for reading ambient energy distribution, a structural stress assessment circle for mapping load patterns, and a basic reinforcement circle for stabilization work. The plates are Tier 2 copper-alloy, properly maintained. They'll hold for a dozen activations each before the inscribed patterns begin to degrade. Your chalk is for single-use circles when the plates aren't suited to a specific task.

The sealed fuel block case holds three standard Tier 2 blocks—enough for six to eight serious alchemical operations. Clean-burning, reliable, the industrial standard. Down in Karet Bay, you're guessing they'll be working with Tier 0 and Tier 1 materials. The kind that burns wasteful and fails delayed, the way cheap things always fail: not dramatically, not immediately, but later, and worse.

The CEA inspector's authorization—the small brass seal that marks you as a Measured Scholar on official business—goes into your inner pocket. It opens certain doors. It closes others.

The Scholar's Quarter sits on the second terrace, halfway between the gleaming upper city and the industrial sprawl below. The walk to Karet Bay takes you through progressively grimmer streets, each ring down another step away from the world you understand and into the world you've only ever assessed from a distance.",,add_item:alchemical_chalk:1|add_item:cea_authorization:1|add_item:fuel_blocks:1,c_leave_1,Descend toward the lower docks directly.,,navigate:descent_lower,,c_leave_2,Stop at the market terrace for supplies.,,navigate:market_terrace,,c_leave_3,Review your field plates before setting out.,,navigate:scholar_loadout,,,,,,,,,,,,,,,,
scholar_loadout,narrative,"You pause in the courtyard and open your plate case, running through the function of each component. Old habit, drilled by your first assessment mentor: you don't enter a field site without knowing exactly what tools you're carrying and what they cost to use.

A circle doesn't provide energy—that's the first thing they teach you, and the first thing most people forget. A circle is a blueprint, a set of instructions. It defines what transformation is allowed and how energy flows through the material. Without fuel, a circle is a drawing. Without you—your own energy to initiate and guide the reaction—the fuel just sits inert. Every alchemical act requires all three: the circle, the fuel, and the person holding it together.

Your diagnostic plate activates with a half-block of fuel and moderate personal output. It reads ambient energy distribution in structures and materials, tells you where work has been done and whether it's degrading. The stress assessment plate costs more—a full block and significant personal energy—but it maps internal load patterns precisely. Worth the cost for structural assessments. This is the tool that catches Hollow Tower failures before they happen.

Your reinforcement plate is the practical one: strengthen an existing joint, stabilize a failing circle, buy time for proper repair. Two blocks and real personal effort. Your structural specialization makes you efficient here—a medical alchemist doing this same work would waste more and get dirtier results.

You close the case. Three blocks. Six to eight operations before you're running on your own reserves.

You have never needed more than that. You think about Mireth's expression when she handed you the folder, and hope that remains true today.",,,c_loadout_1,Head out to the docks.,,navigate:descent_lower,,,,,,,,,,,,,,,,,,,,,,,,,,
market_terrace,narrative,"The market terrace sits at the boundary between the comfortable middle districts and the industrial zone below. Vendors sell everything from alchemical components to breakfast pastries, and the air smells of frying oil and copper dust. It's lively in the specific way that places are lively when they exist specifically for people passing through.

A weathered woman selling tonics catches your eye. Her stall displays rows of small glass bottles filled with amber liquid—energy tonics, the kind that dock workers use to push through double shifts. They have the general aesthetic of something you'd find in a drain, which does not appear to be deterring anyone.

'Scholar, eh?' she says, noting your ledger. 'Heading down to the docks? You'll want one of these. The air down there eats at you.' She pauses. 'Not figuratively. Well. Also figuratively.'

She quotes a price. It's cheap. The tonics are crude but functional—a chemical preparation that stabilizes and slightly boosts the body's own reserves, delaying the fatigue that comes from extended self-fueled alchemical work. The label says: DO NOT INGEST IF EXPERIENCING DISTORTION, PREGNANCY, OR OPINIONS.

Further along the terrace, a heavyset woman with Freehands circle-marks on both wrists is selling salvaged construction material from a folding table: reclaimed Tier 1 bolts, repurposed bonding paste, copper tubing straightened and cleaned. The sign on the table reads: BRIN'S BITS. FAIR EXCHANGE OR LEAVE. She is in the middle of explaining to a teenage boy why his offer is—her exact word—'mathematically offensive.' She makes the explanation sound less like a refusal and more like an education. The boy leaves with the copper tubing at a better price and the expression of someone who has just been outmaneuvered and possibly improved.",,,c_market_1,Buy an energy tonic and continue.,,navigate:descent_lower,add_item:energy_tonic:1,c_market_2,Decline politely and continue.,,navigate:descent_lower,,,,,,,,,,,,,,,,,,,,,
descent_lower,narrative,"The descent into Karet Bay is a lesson in erosion—both geological and moral. The white stone of the upper terraces gives way to grey brick, then patched concrete, then raw timber and corrugated metal sheeting. The streets narrow. The infrastructure hum deepens, grating the way rope does when it runs through a block filmed with grit.

You pass workers bound for the morning shift—calloused hands, eyes flat with quota arithmetic. Some glance at your ledger and look away. Others never register you at all. Given what their mornings cost, that is fair enough.

Halfway down, a stone plaque: IN RECOGNITION OF THE DROWNING OF KARET BAY. Beneath it, three sentences in the tongue of historical reckoning—the consortium, the redirected river, the freshwater lost. You know the case from study and have cited it in reports. The street knows it from breath and metered cups.

On the same wall, smaller cut: EIGHTY YEARS SINCE THE SUNDERING. EIGHTY YEARS OF BUILDING WHAT MAGIC DESTROYED. Civic pride on stone, until you look at what you are walking toward.

The district boundary wears a faded sign: KARET BAY LOWER DOCKS — CEA OPERATIONAL ZONE 7.

Beside it, a narrow doorway marked HARBOR LOGISTICS — COORDINATOR SENNA. Through the glass, a woman shuttles between stacks of manifests with the brittle speed of someone holding a schedule that stopped fitting the work months ago. She catches your eye once and snaps her gaze off—a reflex learned where Scholar attention becomes delay, then paperwork.

Chalk below: SOMEONE ALWAYS PAYS.

Below that, another hand, dock-rough: THE UPPER BERTHS STAY DRY.

Pinned between a labor quota sheet and a water ration, a pamphlet on rough stock, careful ink. Header: YEAR EIGHTY. *Year Zero, we buried the nobility for making others pay for their ease. Eighty years later, the council class keeps warm offices and revolutionary portraits. Someone tell me what changed.* No signature.

The smell reaches you—brine, machine oil, sour venting where improvised circles burn cheap fuel wrong. The pavement shivers under overtaxed lines. The hum here is not melody; it is a structure that has been mended so often it no longer recalls its first true note.

Two men shout by the entrance—who eats the cost of a botched reinforcement. Upstairs that becomes a registry complaint. Down here it becomes lung capacity and witnesses. Three workers watch. In Caldris, arguing in the street passes for civic virtue. Here it is ordinary weather.",,,c_descent_1,Head directly to the loading crane.,,navigate:dock_overview,,c_descent_2,Stop and take ambient readings before going further.,,navigate:district_survey,,,,,,,,,,,,,,,,,,,,,
district_survey,narrative,"You press your diagnostic plate to a load-bearing wall at the district entrance and feed it a half-block of fuel from your own reserves. The metal warms; the scan runs; the plate pulses, reads, dims. Old habit: you read the baseline before you chase a single spike, so you know whether what you're looking at is an isolated incident or part of a larger pattern.

The numbers are wrong. Not instrument-wrong—the plate is functioning correctly. The district's embedded maintenance circles are running at roughly forty percent of their designed operating capacity.

Not because they've failed. Because they've been starved. The fuel reserves that should be feeding them have been depleted. Without fuel, the circles are dormant. Without the circles doing their maintenance work, the structural integrity of every building in this district relies on the raw materials alone. And the raw materials in Karet Bay are Tier 1 at best.

You make careful notes. The buildings around you show the signs: hairline fractures in load-bearing walls, slight warping in metal fixtures, a persistent low groan from foundations under invisible stress. Someone has been using improvised patch work—Tier 0 and Tier 1 bonding paste, single-use circles drawn in chalk on untreated surfaces by people who know enough to help and not enough to know when to stop. It holds for now. It always holds for now.

The problem is always later.

Everyone in Caldris knows what later looks like. They have a name for it. You learned the name in your second year of training. It was called the Hollow Tower, and it killed three hundred people who had been assured that everything was fine.",,add_item:energy_readings:1|adjust_stability:-5,c_survey_1,Proceed to the loading crane.,,navigate:dock_overview,,,,,,,,,,,,,,,,,,,,,,,,,,
dock_overview,narrative,"The lower docks stretch before you: a chaotic sprawl of warehouses, loading platforms, and heavy machinery pressed against the grey water of the bay. Massive cranes line the waterfront like iron sentinels, their arms swinging loads of raw material from cargo ships to waiting transport carts. The noise is extraordinary—chains, pulleys, the deep thrum of alchemically reinforced machinery doing what it was designed for—and everyone moves within it like they can't hear it at all.

Your target is Crane Seven, a forty-year-old loading crane that handles ore shipments from the mining barges. Even from a distance, you can see something is different about it. While the other cranes groan and shudder under their loads—operating near stress limits, using their structural capacity the way you'd use muscles you haven't stretched properly—Crane Seven moves with an almost fluid grace, swinging three-ton ore crates as though its rated capacity had been quietly renegotiated upward.

A crew of dock workers operates the crane's base controls. Their foreman—a broad-shouldered man with burn scars on both forearms—watches the operation with the focused tension of someone who has been waiting for something to go wrong long enough that waiting has become a kind of job in itself.",,,c_dock_1,Approach the foreman directly and show your authorization.,,navigate:meet_kaelen,,c_dock_2,Observe the crane from a distance first and take readings.,,navigate:crane_readings,,c_dock_3,Talk to some of the other workers before approaching.,,navigate:dock_workers_morning,,c_dock_4,A younger worker at the crew's edge is writing in a pocket notebook. Step over before you speak to the foreman.,,navigate:dima_encounter,,,,,,,,,,,
dock_workers_morning,narrative,"The dock workers pause for their mid-morning water break, settled on crates and coils of rope in the brief window before the quota clock starts running again. You approach and sit nearby—Scholar's ledger visible, but not open. No one wants to talk to a ledger.

The woman closest to you has a Freehand circle-mark tattooed on her forearm—a small reinforcement pattern, rough but genuine work. She glances at you, then back at the bay.

'You're here about Crane Seven,' she says. Not a question.

'The readings were anomalous.'

'Everything here is anomalous.' She takes a long drink of water. 'We've been running Crane Seven past its rated load for six months. Everyone knows. Nobody acts. The quota gets met, so the quota gets met.' She sets down the cup. 'You know why we can't get it properly maintained? The maintenance budget—the Tier 2 fuel blocks that used to keep this whole waterfront in good order—got redirected seven months ago. Someone in the upper city needed something built. We were the somewhere it came from.'

'That's a serious allegation.'

She looks at you with the patience of someone who has said a true thing to a doubtful person many times before. 'Go ask the crane what it thinks about allegations.' She stands as the break ends. 'You're a Scholar. If you find where the cost actually went, tell someone who has the power to care about it.'

She doesn't say it with bitterness. Just with the steady exhaustion of someone still doing the work anyway.",,adjust_worker_rep:3,c_dkw_1,Continue to Crane Seven.,,navigate:meet_kaelen,,,,,,,,,,,,,,,,,,,,,,,,,,
crane_readings,narrative,"You find a spot behind a stack of cargo crates where you can observe without being noticed. Opening your field kit, you activate your stress assessment plate, feeding a full Tier 2 block into it and drawing from your personal reserves to guide the reading.

The crane's structural profile is immediately wrong in a way that takes you a moment to parse.

Standard cranes are designed for specific load limits—the engineering accounts for material fatigue, joint stress accumulation, the physics of repeated heavy lifting over decades. Crane Seven's readings show reinforced joint structures where there shouldn't be any. Someone has bonded additional structural support to the crane's primary load-bearing assembly. The reinforcement is real and technically competent—Level 2 reinforcement work—and it explains how the crane is handling 123% of its rated load without visible distress.

But your plate reads something else too. The bonding material used is Tier 1—basic, improvised, the kind that dock workers can mix from common hardware materials. Tier 1 paste works. It degrades. Under repeated heavy stress, the reinforcement circle drawn into that paste will develop micro-fractures that don't show on the surface but compound with every load cycle.

You sketch the analysis in your ledger. The reinforcement is degrading. Your calculations show the pivot joint's structural integrity is already at sixty-three percent of rated capacity. At the current load rate, it will reach critical failure threshold sometime this afternoon.

When it fails, three tons of ore will drop on whoever is standing below.

You look at the workers moving underneath the crane arm like they have four hundred times this week, like they will four hundred more times before the month is out. They have no idea.",,add_item:crane_report:1,c_readings_1,Approach the foreman with your findings.,,navigate:meet_kaelen,,c_readings_2,"Burn another spare fuel block on a redundant confirmatory scan—extravagant, but the numbers will survive Toris.",has_item:fuel_blocks,navigate:crane_readings_deep,remove_item:fuel_blocks:1|adjust_energy:-8|adjust_stability:4,,,,,,,,,,,,,,,,,,,,
crane_readings_deep,narrative,"You shouldn't. You do anyway. A second Tier 2 block feeds the plate; your ledger fills with curves that agree with the first pass down to the third decimal wherever physics allows.

Overkill is sometimes kindness to future you—the version who will swear to these readings in rooms that smell like incense and budgets.

The joint degradation looks uglier at higher resolution. You almost wish it didn't.

You pack the kit away lighter in fuel and heavier in certainty.",,,c_read_deep_1,Approach Kaelen with the reinforced file.,,navigate:meet_kaelen,,,,,,,,,,,,,,,,,,,,,,,,,,
meet_kaelen,narrative,"The foreman sees you coming. His eyes drop to your ledger, then to the brass authorization seal at your collar, and his jaw tightens in the specific way that means he's already calculating what this is going to cost him.

'Scholar,' he says flatly. Not a greeting. A warning to the crew behind him.

'I'm Vael, Measured Scholars. I'm here about anomalous readings from Crane Seven.' You keep your voice neutral, professional.

'Name's Kaelen.' He doesn't offer his hand. 'The crane works fine. Better than fine. We're ahead of quota for the first time in three months, which is the first time in three months anyone in this district has had anything to be ahead of.'

Behind him, his crew has stopped working. Six men and women, watching you with the particular attention of people whose livelihoods are standing in the gap between your ledger and your pen. You notice the youngest—barely fifteen, lanky in the way of someone who hasn't finished growing into their shoulders—gripping a wrench so hard his knuckles are white. He has the eyes of someone watching something he can't stop.",,,c_kaelen_1,I can see there's been work done on it. Show me what you did.,,navigate:kaelen_shows,,c_kaelen_2,"This crane is going to fail. I need to understand why, before someone gets hurt.",,navigate:kaelen_defensive,,c_kaelen_4,"Step back, drink your energy tonic, then re-approach while you can still feel your face.",has_item:energy_tonic|world_check:vaelEnergy:<=:62,navigate:meet_kaelen_tonic,remove_item:energy_tonic:1|adjust_energy:20|adjust_hp:8,c_kaelen_3,Flash your seal and order the crew to stand down immediately.,,navigate:death_bluff_crew,,,,,,,,,,,
meet_kaelen_tonic,narrative,"You turn away for sixty seconds—long enough to crack the tonic vial and swallow something that tastes like copper, stabilizers, and spite. The label warned you about opinions. It did not warn you about foremen.

When you walk back to Kaelen, your hands steadier, he notices anyway. Dock workers always notice who came back different.",,,c_kt_1,I can see there's been work done on it. Show me what you did.,,navigate:kaelen_shows,,c_kt_2,This crane is going to fail. I need the full picture before someone gets hurt.,,navigate:kaelen_defensive,,c_kt_3,Flash your seal and order the crew to stand down immediately.,,navigate:death_bluff_crew,,,,,,,,,,,,,,,,
kaelen_defensive,narrative,"Kaelen's face hardens. 'Nothing is going to fail. I reinforced every joint myself. Spent six nights on it after shift.'

'You're not a trained structural alchemist.'

'And you've never held quota with half your equipment decommissioned.' He steps closer, dropping his voice. 'You want to know what happened to our maintenance allocation? Ask the CEA. The Tier 2 fuel blocks that used to keep this crane's maintenance circles running got officially redirected seven months ago. Not our decision. Not something we were even told until a month after the fact. That material came from Grenvor—the Highland refineries. Took two years to secure the supply contract. Gone in a memo.' His tone is flat. Controlled. The tone of someone who made peace with a bad exchange a long time ago and is just living in what it left behind.

He glances back at his people. 'When the maintenance fails, dock workers don't get to redirect the cost to someone else. We patch it ourselves or we fall behind quota.' A pause. 'That's Dima. Fifteen years old. Supporting his mother and two sisters since his father died in a refinery collapse last year. If this crew loses quota, he goes back to scavenging wharves. You want to tell him that the crane doesn't meet your calculations?' You notice the boy has a small notebook in his front pocket. He's been writing in it since you arrived.

The accusation hangs in the salt air. Your ledger is open to the stress numbers. The numbers are unambiguous.

The system that redirected this district's maintenance fuel is the same system your report will activate. That's worth knowing.",,,c_def_1,Show me the modification. Let me assess it properly.,,navigate:kaelen_shows,,,,,,,,,,,,,,,,,,,,,,,,,,
kaelen_shows,narrative,"Kaelen leads you around to the crane's base and pulls back a heavy canvas panel to reveal his work.

It's crude. It's also real alchemy. He's used Tier 1 bonding paste—the improvised kind, mixed from accessible materials—to draw a reinforcement circle directly onto the crane's primary load-bearing joint. The circle is rough by academy standards, the lines not perfectly even, the radius slightly elliptical where his arm was at an awkward angle. But the structure is sound: a continuous reinforcement pattern that distributes load stress across a wider surface area, allowing the crane to handle tonnage above its original design parameters.

You kneel and activate your stress assessment plate against the bonded circle.

The reinforcement is working. That's the tragedy of it. Kaelen did exactly the right kind of work with exactly the wrong materials. The reinforcement pattern is degrading under repeated stress loads—Tier 1 paste isn't designed to sustain a circle under this kind of repeated activation. Your readings show micro-fractures propagating through the paste layer, disrupting the circle's integrity. The joint is losing structural capacity with every lift.

'It's brilliant,' you say honestly. 'Level 2 reinforcement work with improvised materials and no formal training.' You look up at him. 'That cost you something. Six nights of your own energy.'

'I know what it cost me.'

'The paste is failing. At the current load rate, the joint will reach critical threshold sometime this afternoon.'

Kaelen's face goes grey. Not with surprise. With the expression of someone who suspected this and was hoping to be wrong.",,add_item:worker_testimony:1|set_flag:kaelen_crane_assessed:true,c_shows_1,I have to report this to the CEA. The crane needs to be shut down.,,navigate:choice_report,,c_shows_2,Try to stabilize the joint.,,navigate:kaelen_stabilize_gate,,c_shows_3,Close your ledger and walk away.,,navigate:choice_ignore,,c_shows_4,Reach toward the active line with a bare hand—the plate says the field is live; your nerves want to disagree.,,navigate:death_touch_warn,,,,,,,,,,,
kaelen_stabilize_gate,narrative,"You read the joint the way you were trained: stress vectors, paste decay, the ugly honesty of a circle doing work it was never rated for. The quota clock does not pause while you think. Neither does arithmetic.

A sanctioned Tier 2 block would arrest the slide—clean, documented, the kind of exchange the Exchange likes on paper. Your own reserves would do it too, slower and meaner, with no receipt but the tremor in your hands afterward.

Kaelen waits without performing patience. His crew pretends not to watch. The crane's iron hums like an argument you have not finished yet.",,,c_ksg_1,Use a Tier 2 block from your kit—mercy accounting still allows a sanctioned kit draw.,has_item:fuel_blocks|not_has_flag:mercy_spend_two,navigate:choice_fix,,c_ksg_2,Both mercy tallies are already logged; this sanctioned block is the crane's second kit draw.,has_item:fuel_blocks|has_flag:mercy_spend_two,navigate:choice_fix,,c_ksg_3,Pay from your own reserves instead.,not_has_flag:mercy_spend_two,navigate:choice_fix_reserve,,c_ksg_4,Pay from your reserves—Kaelen's crew will help you stand.,has_flag:mercy_spend_two|has_item:kaelen_trust_mark|not_has_item:fuel_blocks,navigate:choice_fix_reserve,,c_ksg_5,Pay from your reserves—the Freehands won't let you do this alone.,has_flag:mercy_spend_two|reputation_check:freehandsRep:>=:35|not_has_item:fuel_blocks,navigate:choice_fix_reserve,,c_ksg_6,Step back. You cannot pay this twice in one week—not like this.,has_flag:mercy_spend_two|not_has_item:fuel_blocks|not_has_item:kaelen_trust_mark|reputation_check:freehandsRep:<=:34,navigate:mercy_refusal_crane,
mercy_refusal_crane,narrative,"You know the shape of the stabilization circle before your chalk touches iron. That is the problem. Your body knows the price of drawing it twice in the same ledger week without a sanctioned buffer.

This is not cowardice. It is bookkeeping. The margin is gone. To force the exchange now would be to borrow against a line of credit your muscles do not actually hold.

You close your kit and let the honest refusal sit where shame usually tries to crowd in.",,,c_mrc_1,Return to Kaelen.,,navigate:kaelen_shows,,,,,,,,,,,,,,,,,,,,,,,,,,
choice_report,narrative,"You reach for your authorization seal. 'Kaelen, I'm filing an immediate hazard report. The CEA will send an inspection team. The crane will be shut down until it can be properly repaired with appropriate materials.'

Kaelen grabs your arm. Not hard. Desperately.

'Please.' He doesn't lower his voice. His crew can hear. 'You file that report and the crane goes dark. We miss quota. The CEA issues reduction notices. My entire crew loses their positions.' He looks at you with the kind of directness that has nothing left to protect. 'You'll write it up clean in your ledger, and six families pay the cost of your clean report. Dima goes back to scavenging.'

His grip tightens. 'I'm not asking you to lie. I'm asking you to give me a day to source better materials and redo this properly. One day. That's all.'

You look at his hand on your arm. At the burn scars. At the crew watching from across the dock. Your ledger is open to the stress calculations.

The crane will fail by evening if nothing changes. Someone will be hurt. But the same system that redirected this district's maintenance fuel is the system your report will activate. The cost doesn't disappear when you file a report. It just moves—and you control where to.",,set_flag:considered_report:true,c_report_1,File the report. The math is clear.,,navigate:report_filed,set_flag:chose_law:true|adjust_community_cost:25|adjust_state_chaos:-10,,,,,,,,,,,,,,,,,,,,,,,,,
report_filed,narrative,"You pull your arm free, not unkindly. 'I'm sorry, Kaelen. I don't have another way.'

You write the report in clean, precise notation. Anomaly confirmed. Unauthorized alchemical reinforcement. Inadequate material quality for sustained structural application. Immediate structural hazard. Recommend shutdown and investigation of responsible party.

Within the hour, CEA enforcers arrive. They're efficient. The crane is locked down. Kaelen is placed in restraints without resistance—he just looks at you with an expression that isn't anger. It's something more complicated than anger. It's the expression of someone who already knew the cost and paid it anyway.

His crew scatters. Some curse at you. The boy, Dima, just stands there watching Kaelen being led away, still gripping his wrench. He stops gripping it so tightly. He turns and walks toward the edge of the dock without looking back.

You stand alone at the base of the silent crane. Your report is flawless. The enforcement team thanks you and mentions the district's poor maintenance record as a contributing factor. They say this without apparent irony. You don't share your thoughts on why the maintenance record is poor.

Something sits in your chest like a weight you haven't finished calculating yet.",,adjust_stability:5,c_filed_1,Continue your assessment of the district.,,navigate:post_crane_pattern,,,,,,,,,,,,,,,,,,,,,,,,,,
choice_fix,narrative,"You are not supposed to do this. Scholars observe and report. They do not kneel at load-bearing joints and spend sanctioned fuel like it belongs to them.

But you can see exactly what is wrong: Tier 1 paste going grainy at the stress nodes, the reinforcement pattern fraying where the crane keeps asking for more than the circle was written to give. A stabilization overlay—drawn clean, fed with a Tier 2 block from your field kit—can arrest the degradation long enough for Kaelen to source better materials and redo the work the way the manuals prefer.

'I can hold it,' you tell him quietly. 'If it comes out that I intervened—'

'You won't hear it from me,' Kaelen says. 'Or my crew.'

You break the seal on a sanctioned block. The mineral smell rises, familiar and expensive. You chalk the stabilization geometry to ride the existing pattern instead of fighting it, then set your palms against the iron and let the block run through you the way the academy taught: measured channel, minimum waste, maximum coherence.

The cost arrives as it always does—in your shoulders first, then behind your eyes. Exhaustion does not negotiate. The circle flares, settles, holds. The joint's readings flatten back into something survivable.

Kaelen watches you stand with an expression you have rarely seen aimed at a Scholar.",,remove_item:fuel_blocks:1|adjust_energy:-20|adjust_stability:5|set_flag:chose_freehand:true|add_item:kaelen_trust_mark:1,c_fix_1,Wipe the chalk dust from your hands and stand.,,navigate:fix_aftermath,,,,,,,,,,,,,,,,,,,,,,,,,,
choice_fix_reserve,narrative,"There is no spare Tier 2 block left to hide behind—only you, the joint, and the blunt fact that improvised paste cannot keep pretending it is something stronger.

You chalk the stabilization circle anyway. You align it to Kaelen's rough work the way structural training demands: respect the existing geometry, reinforce what is failing, do not pretend you are rewriting the world from scratch.

When you close the circuit, you pay from the reserves the Exchange never logs. The channel runs hot. Your hands shake before the circle finishes settling—not drama, just physics. The iron cools into a steadier line. The reinforcement pattern stops shedding coherence at the corners.

Same operational outcome as a fueled fix. A harder receipt.

'I know what that cost,' Kaelen says, too quietly for his crew to treat it as theater.",,adjust_energy:-45|adjust_stability:5|set_flag:chose_freehand:true,c_fixr_1,Straighten before your knees notice.,,navigate:fix_aftermath,,,,,,,,,,,,,,,,,,,,,,,,,,
fix_aftermath,narrative,"The modification holds. Your plate confirms it: the joint is running clean, the reinforcement pattern stable. It will hold for weeks, maybe months, depending on load—long enough for Kaelen to find proper Tier 2 paste and do the work the way the manuals prefer.

You are lightheaded either way you paid: fuel spent from the kit, or self spent until your margins go thin. You feel it in the slight tremble in your hands, the drag behind your eyes. Level 2 structural work under field conditions is harder than the academy simulations pretended.

Kaelen watches you for a moment after the circle settles. Then, quietly, he says: 'Thank you. I know what that cost you.'

'Get proper Tier 2 paste before you bond another circle to load-bearing infrastructure. The work was sound. The materials were wrong.'

'Where would I get Tier 2 on a dock worker's allocation?' He says it without accusation. It is just a question. You both know the answer—from the maintenance budget—and you both know where that went.

His crew returns to work. The crane swings. Dima looks at you with wide, uncertain eyes—a kid trying to decide whether what just happened was the right thing or the wrong thing. His expression suggests no one has told him the rules yet.

You are not entirely sure yourself.",,,c_fa_1,Resume your assessment—the first mercy tally records.,not_has_flag:mercy_spend_one,navigate:post_crane_pattern,set_flag:mercy_spend_one:true,c_fa_2,Continue on—the second mercy tally will record.,has_flag:mercy_spend_one|not_has_flag:mercy_spend_two,navigate:post_crane_pattern,set_flag:mercy_spend_two:true,c_fa_3,Return to your rounds—both tallies are already logged.,has_flag:mercy_spend_one|has_flag:mercy_spend_two,navigate:post_crane_pattern,,c_fa_4,Stay and talk to Kaelen a moment longer.,,navigate:kaelen_talk,,,,,,,,,,,
kaelen_talk,narrative,"The crew gets back to work. Kaelen stays. You sit on a crate near the crane's base and he sits across from you, and neither of you says anything for a moment. The crane swings. The quota clock runs.

'My father worked on the seawall,' Kaelen says finally. 'When it was first reinforced, years ago. He was one of the crew that embedded the maintenance circles. He used to say the wall would outlast everyone he knew.' A pause. 'He was proud of that. A thing made well, meant to last.'

You look at the water. The seawall is visible from here—a dark mass at the district's edge.

'He died about ten years back. On the wall. A crane failure during maintenance. The official report said operator error.' Kaelen's voice is matter-of-fact. 'But before he went, he took me down to that wall and showed me the circle marks. His work. Still running, still clean. That was fifteen years after he'd done it.' He looks at his hands. 'That's what good materials get you. Work that lasts. Work you can be proud of.'

He doesn't say what happens without good materials. He doesn't need to.

'These people—' he nods toward the crew, '—they're not the district to me. They're Lira, who supports her mother and does the most precise shaping work you've ever seen. They're Maren, who could have gotten a guild position uptown but stayed because she grew up here. They're Dima, who hasn't figured out yet that the world doesn't have a plan for him.' He looks at you. 'I'm not asking you to lie for them. I'm asking you to understand what the numbers actually represent.'

The crane swings. The quota clock runs. You write nothing in your ledger.",,,c_ktalk_1a,Resume your investigation—the first mercy tally records.,not_has_flag:mercy_spend_one,navigate:post_crane_pattern,set_flag:mercy_spend_one:true|set_flag:kaelen_personal_story_heard:true,c_ktalk_1b,Continue on—the second mercy tally will record.,has_flag:mercy_spend_one|not_has_flag:mercy_spend_two,navigate:post_crane_pattern,set_flag:mercy_spend_two:true|set_flag:kaelen_personal_story_heard:true,c_ktalk_1c,Return to your circuit—both tallies are already logged.,has_flag:mercy_spend_one|has_flag:mercy_spend_two,navigate:post_crane_pattern,set_flag:kaelen_personal_story_heard:true,c_ktalk_2,Ask about the circle carved into the crane's base joint. It looks like his father's work.,not_has_flag:heard_father_story,navigate:kaelen_father_moment,,,,,,,,,,,
choice_ignore,narrative,"You close your ledger. The calculations are clear. The crane will fail. But the calculation of what happens to these people if you report it is also clear, and it's not a number you want to write down.

'I didn't see anything,' you say.

Kaelen stares at you. 'You're serious?'

'I was sent to investigate an anomaly. My readings show the crane is operating within acceptable field parameters. That's what my report will say.'

The lie tastes like low-quality fuel—cheap, acrid, something that burns wrong and will vent badly later.

You walk away from Crane Seven without looking back. You do the math in your head as you go: the joint has maybe eight hours of load capacity left at current rates. The afternoon shift runs until 1800. The math isn't good.

Three hours later, as you're taking readings near the seawall, you hear it. A deep grinding shriek of metal, then a terrible silence, then screaming.

A dock worker named Maren was standing beneath the crane arm when the pivot joint failed. Three tons of ore.",,set_flag:chose_redbalance:true|adjust_state_chaos:20|adjust_community_cost:10,c_ignore_1,Go to the accident site.,,navigate:crane_collapse,,c_ignore_2,Stay where you are and record the event.,,navigate:crane_collapse_distant,,,,,,,,,,,,,,,,,,,,,
crane_collapse,narrative,"You push through the crowd. Kaelen is on his knees beside the wreckage, hauling at the fallen ore crates with bleeding hands. His crew works frantically around him.

Maren is alive, barely. Her legs are crushed beneath a crate. She's conscious, which somehow makes it worse—her eyes are open, fixed on the sky, and she's breathing in the short, controlled gasps of someone managing pain by refusing to acknowledge it.

Kaelen sees you. His eyes are red. He doesn't say anything. He doesn't need to.

You open your ledger. Your hands are shaking. There is something you could try—an attempt at alchemical medical stabilization. Not your specialization. Your field plates are for structural assessment, not biological systems. The principles overlap theoretically. The implementation is different territory. The academy rule is explicit: cross-discipline work without training causes more harm than doing nothing. This is a real rule based on real deaths.

You know it is also sometimes used as an excuse.

Dima is standing at the edge of the crowd. He's not looking at Maren. He's looking at you. His face has the particular stillness of someone in the process of deciding what they think about something they can't take back.",,adjust_community_cost:15|adjust_worker_rep:10,c_collapse_1,Try to help with what you know.,has_item:alchemical_chalk,navigate:help_maren,adjust_energy:-15,c_collapse_2,Stay back. Document the incident and wait for the physician.,,navigate:post_crane_pattern,,,,,,,,,,,,,,,,,,,,,
crane_collapse_distant,narrative,"You hear the screams from across the dock. You don't go to the site.

Instead, you stand at the seawall with your ledger open, writing down the time, the sound, the approximate tonnage based on the crane's last recorded load. The notation is clean. The handwriting is steady. You are a Measured Scholar and your job is to observe and record, and that is what you are doing.

Your hand trembles slightly when you close the ledger.

Later, you learn her name was Maren. She survived, but her legs are gone. The district physician couldn't save them. Kaelen's crew is dissolved. The CEA shuts down the crane anyway, a month too late to do anyone any good.

Everything you tried to avoid by walking away happened anyway, plus one woman's legs.

The exchange wasn't avoided. It was just moved. You moved it. You told yourself you didn't choose—that walking away wasn't a choice—but the cost landed somewhere, and it landed because you were the last person in a position to catch it and you let it fall.",,adjust_community_cost:15|adjust_state_chaos:10,c_distant_1,Continue your investigation.,,navigate:post_crane_pattern,,,,,,,,,,,,,,,,,,,,,,,,,,
help_maren,narrative,"You push through the crowd and kneel beside her.

Medical alchemy is not your specialization. Your training is structural and systems-level—the same physical principles apply at a theoretical level, but the implementation is different territory. You know this. You do it anyway.

You draw a stabilization circle on the ground around her using your chalk—not a structural pattern, but a basic biological support circle from academy fundamentals, the material from your first year before you specialized. It's rough. A medical alchemist would do this better, faster, with cleaner results.

You press your hands to the chalk line and draw from your reserves. The circle flares, dims, and holds. Not healing—alchemy can't restore what's already gone, and you don't have the skill to attempt anything more complex. Stabilizing: slowing the progression of internal damage, buying her body time until proper help arrives.

The district physician arrives twenty minutes later and gives you a long, measuring look as she takes over.

'Scholar work,' she says. 'Rough work. But it held.' She pauses. 'You may have saved her life. You also overextended into territory you're not trained for.' She meets your eyes. 'I'll note both things equally.'

You wipe the chalk from your hands. Your vision swims. Kaelen watches from the edge of the crowd with an expression that is equal parts gratitude and something you can't quite name—the look of someone who's been surprised by a person doing the harder thing.",,,c_help_1,Continue investigating the district.,,navigate:post_crane_pattern,,,,,,,,,,,,,,,,,,,,,,,,,,
post_crane_pattern,narrative,"The crane incident is behind you—however it resolved—and the district is still standing around it, unchanged. The quota clock still runs. Workers still move. The bay still smells of brine and old fuel. Life in Karet Bay doesn't wait for a Scholar to finish processing its problems.

You walk for a while without taking notes. Down to the water and back. Through the narrow streets between the warehouses, where the buildings lean slightly toward each other as though for warmth.

A family eats lunch on a doorstep—children, a grandmother, someone's dog asleep across everyone's feet. Two old men play a game on a crate, moving pieces made from stamped copper. A woman hangs laundry between two alchemically reinforced posts; the reinforcement is crude, clearly improvised, and the posts wobble slightly when the wind takes the sheets. She adjusts the line without looking up, in the practiced way of someone who has made something work that wasn't designed to work.

This is a place where people live. You write that down. You're not sure why.

Then you walk back toward the dock infrastructure and open your diagnostic plate again—and the district becomes, once more, a problem.

The pattern is everywhere once you know to look: improvised reinforcement circles in Tier 0 paste on load-bearing structures, water pipes bonded with materials already developing micro-fractures, the steady background noise of a system running on patch work because the materials for proper maintenance aren't available. The root problem isn't skill. It's the material allocation. Someone has been steering the requisitions so the flow on paper and the flow through the district are not the same exchange.",,set_flag:pattern_discovered:true,c_post_1,Pursue the inland drainage signature—the same network tied to the seawall stress.,,navigate:transition_end_day_one,,c_post_2,Complete structural readings at the seawall while you are still on the waterfront.,,navigate:transition_end_day_one,,c_post_3,Someone is standing near the Drowning plaque. You recognize the posture.,has_flag:dima_met,navigate:mireth_field_visit,set_flag:chose_mireth_plaque:true,c_post_4,Dima's notebook still circles a building with music and odd emissions—you shelve the hunt tonight.,has_flag:kaelen_crane_assessed|has_flag:dima_met|has_flag:saw_the_city,navigate:transition_end_day_one,,,,,,,,,,,
transition_end_day_one,narrative,"The climb back to the Scholar's Quarter costs more than steps. Your legs know the docks now; your ledger knows them better—ink smudged where sweat met chalk dust, margins crowded with numbers you will not trust until you have slept on them.

The dormitory corridor is quiet in the particular way of places where everyone is pretending not to listen for the next bell. You wash the bay off your hands. The water runs clean here, a small insult you do not comment on.

Supper is thin soup and bread, the measured ration of people who are not expected to spend themselves in the lower districts every day of a deployment. You eat anyway. Hunger is also a kind of bad accounting.

Your bunk accepts you like a debt settled for a few hours. Before you blow out the candle, you open the ledger one more time—not to add, only to underline three sentences you refuse to misremember by morning. The seawall and the drainage network and the crane are not three separate stories. They are one ledger written in different handwritings.

Sleep comes with the dull certainty that tomorrow you will pick up whichever thread you choose—and that the waterfront will still be there, still asking, whether you closed the book or not.",,,c_td1_1,Next day: resume inland drainage where the signature leads.,,navigate:track_disturbance,set_flag:fiction_day_2:true,c_td1_2,Next day: take the seawall pass and finish waterfront readings.,,navigate:seawall_first_look,set_flag:fiction_day_2:true,c_td1_3,Next day: follow Mireth's plaque thread with daylight on your side.,has_flag:dima_met|not_has_flag:mireth_warned,navigate:mireth_field_visit,set_flag:fiction_day_2:true|set_flag:chose_mireth_plaque:true,c_td1_4,Next day: follow Dima's notebook to the circled building.,has_flag:kaelen_crane_assessed|has_flag:dima_met|has_flag:saw_the_city,navigate:dima_notebook,set_flag:fiction_day_2:true,,,,,,,,,,
dima_encounter,narrative,"You find him sitting on a concrete barrier at the edge of the dock, watching the water. He still has the wrench in his hands, though he's not gripping it anymore—just holding it, the way you might hold onto something when you're not sure what to do with your hands. The notebook is in his lap. He was writing something in it when you approached; he didn't close it when he saw you coming.

He notices you but doesn't leave. That's either courage or exhaustion. Possibly both.

You sit nearby. The bay moves.

'Was he wrong?' Dima asks eventually. He doesn't look at you. 'Like. Actually wrong. Not against-the-rules wrong. Actually wrong.'

It's a harder question than it sounds. You think about the stress calculations in your ledger. You think about the reinforcement circle, rough but technically sound. You think about six nights of his own energy spent on borrowed time—the foreman you haven't spoken to yet, only watched from the edge of the crew.

'He did real work,' you say, 'with the wrong materials. The work was an honest attempt. The materials were what was available to him.' You pause. 'The people who decided those were the only materials available—that's a different question.'

Dima thinks about this. He has the stillness of someone who's learned to think before responding, probably because responding wrong has cost him something before.

'So the wrong thing wasn't what he did,' Dima says. 'It was what he had to work with.'

'Yes.'

Another silence. Then: 'That doesn't feel like it's enough to know.'

'No,' you agree. 'It doesn't.'

He nods slowly, in the way of someone receiving an answer they already suspected and were hoping was wrong. He sets the wrench down on the barrier. Then he picks it up again.

He writes something in the notebook. You don't ask what.

You leave him there, watching the water.",,set_flag:dima_met:true,c_dima_1,Your wider brief starts with the name on the permit: Crane Seven's foreman. Cross the apron while you still have daylight.,,navigate:meet_kaelen,,c_dima_2,You mean to reach the seawall cross-section before dark—but dock protocol says the crane foreman signs off on waterfront access. Start there.,,navigate:meet_kaelen,,c_dima_3,That inland drainage spike is screaming for context. Get the foreman's account of recent loads before you chase it inland.,,navigate:meet_kaelen,,c_dima_4,Look at what he's writing in the notebook.,has_flag:saw_the_city|not_has_flag:declined_theater_chronicler_path|has_flag:fiction_day_2,navigate:dima_notebook,,,,,,,,,,,
infrastructure_investigation,narrative,"The CEA substation is a blocky concrete structure about two meters on each side, sitting on a raised pad at the intersection of the district's underground maintenance conduit network. Standard construction, unremarkable. Your diagnostic plate disagrees.

You run a full scan, spending a Tier 2 block to get precise readings. The substation is actively running—processing and distributing something through the conduit network. But the fuel consumption your instruments measure is effectively zero. The substation is operating at full capacity with no material input you can identify.

In three years of field assessment, you have never read a clean zero on a fuel cost measurement for operational equipment. Everything has a cost. That is not a philosophical position. It is physics.

You check your instruments twice. Three times. The reading doesn't change.

There are explanations: instrument error, a shielded fuel source your equipment can't read, or an extremely high-HI material working at near-zero loss. The first seems unlikely—your diagnostic plate is functioning correctly everywhere else. The second is possible but would be unusual for district infrastructure. The third—Tier 3 materials are expensive and tightly controlled. Tier 4 is essentially mythological.

You make a detailed note in your ledger. You add a question mark. Then another.

This isn't your primary assignment and you have no explanation. But something here is being paid for in a way your instruments can't detect. In this world, when something appears free, the cost is hidden somewhere. And hidden costs are always the most dangerous kind.",,,c_infra_1,The fuel diversion pattern confirms your earlier readings. Head to the CEA.,,navigate:seek_answers,add_item:energy_readings:1,c_infra_2,Ask around the docks about this substation.,,navigate:freehands_contact,add_item:energy_readings:1,c_infra_3,The cross-reference confirms it—the drainage signature leads inland.,has_item:energy_readings,navigate:track_disturbance,adjust_stability:3,,,,,,,,,,,,,,,
freehands_contact,narrative,"A dock worker approaches you before you can approach anyone—a woman of maybe fifty, with the careful eyes of someone who has spent a long time reading situations quickly. She has a Freehand circle-mark at her wrist, a small reinforcement pattern, worn smooth at the edges from years of rubbing against work gloves.

'You're the Scholar who came about Crane Seven,' she says.

'Word travels fast.'

'In this district, bad news is the fastest thing there is.' She walks beside you without asking. 'Seren. Freehands network. We've been doing the maintenance work the CEA stopped doing seven months ago—patching, reinforcing, keeping things from collapsing on people. On our own time. With our own materials.'

She says it without expectation of praise. Just as a fact.

'There's a woman in the slum quarter who built a water purifier,' she continues. 'Elara. The district's water supply started failing when the maintenance budget was cut—contamination from the foundation drainage. She built something that actually works. You'll want to look at it.' A pause. 'Two things before you do. First: it works. Second: there's a cost to it that Elara couldn't see from where she was standing. I think you'll be able to see it.'

She stops walking. Looks at you directly. 'I've been doing this work for twenty years. I've seen three districts go the same way as this one—slow material bleed, infrastructure patch, infrastructure fail, people hurt. Every time, the institution says it was unforeseeable.' She holds your gaze. 'It was foreseeable. Someone just decided the cost of foreseeing it was higher than the cost of pretending not to.'

She presses a rough map of the district's drainage network into your hand and walks away.

Then she stops and turns. 'If you need supplies—real supplies, not the black-market junk—find Brin. She runs the Freehands safehouse in the old chandlery off Dock Street. She's the reason half this district still has working water. Tell her Seren sent you. She'll decide whether you're worth the materials.'",,adjust_freehands_rep:5|adjust_scholar_rep:-3,c_fh_1,Take the map and follow the drainage signature.,,navigate:track_disturbance,add_item:district_map:1,,,,,,,,,,,,,,,,,,,,,,,,,
seawall_first_look,narrative,"The Karet Bay seawall is a massive structure of reinforced stone and iron, built two generations ago to protect the district from storm surges after the Drowning altered the bay's currents. It runs the entire eastern waterfront—thirty feet high at its lowest, embedded deep into the substrate, a structure designed to last.

Up close, it looks like it has been trying to.

You activate your stress assessment plate, pressing it against the base of the wall, feeding in a full Tier 2 block for a thorough scan.

The embedded maintenance circles are there—cut into the stone during original construction, Tier 2 reusable circles designed to run indefinitely as long as their fuel chambers are replenished on schedule. But the fuel chambers in the wall's foundations are nearly empty. The maintenance circles are running at minimal capacity—barely slowing structural degradation, not maintaining it. The alchemical bonds that hold the stone matrix together have been weakening for over a year.

Your plate shows something else too: an additional stressor you weren't expecting. A chemical disruption in the foundation soil—concentrated toxic runoff seeping into the fuel chambers from the drainage network, rendering the remaining fuel inert. Whatever is producing that runoff is accelerating the wall's degradation beyond what simple underfueling would cause alone.

You do the math. The seawall isn't failing in years. Months at most. Possibly much less.

Kaelen's father's circle work is in here somewhere. You can see the signature of the original reinforcement—careful, precise, Tier 2 quality that has been maintaining integrity for decades. It is being slowly undone by a fuel shortage and something in the drain water that no one was supposed to know about.

You write in your ledger: who made this happen?",,add_item:seawall_analysis:1|adjust_stability:-10,c_seawall_1,Follow the drainage network upstream.,,navigate:track_disturbance,,c_seawall_2,Conduct a deep technical survey of the foundations.,has_item:fuel_blocks,navigate:seawall_deep_approach,,c_seawall_3,Recheck the CEA substation two blocks north—the fuel readings were anomalous.,,navigate:infrastructure_investigation,,,,,,,,,,,,,,,,
track_disturbance,narrative,"You follow the drainage pattern upstream through the residential slums—narrow streets where buildings lean against each other like people on a crowded shift, sharing load whether they chose to or not.

The chemical runoff traces through the underground drainage to a cluster of tenements near the old cistern district. Here, the ambient fuel readings in the surrounding soil are so depleted your diagnostic plate barely registers. It's like walking into a system that has already paid everything it had and is running on the memory of what full felt like.

But in the middle of the depletion, there's a secondary signature: small, steady, operating independently. Someone is running active alchemy down here—not draining, but producing. A working circle, regularly activated with real fuel. Someone who cares enough about something to pay for it themselves, in a district where caring enough to pay costs real money.

The signature leads to a basement entrance beneath a crumbling tenement. The door has been reinforced with crude alchemical binding—basic bonding paste with a simple lock circle. Freehand work, rough but functional. Someone with genuine skill who doesn't want visitors.",,,c_track_1,Knock and announce yourself.,not_has_flag:purifier_basement_done,navigate:purifier_entrance_open,,c_track_2,Use your authorization seal to force the binding.,not_has_flag:purifier_basement_done,navigate:purifier_entrance_force,,c_track_4,A very old man is sitting outside in the afternoon sun. Speak to him first.,not_has_flag:purifier_basement_done,navigate:meet_old_tomas,,c_track_5,Verify drainage appendix K-B-11 (cistern ring—secondary).,any_of:has_flag:pattern_discovered+has_item:district_map+has_flag:chose_mireth_plaque,navigate:cat_colony_approach,,c_track_6,Follow stenciled routing marks that do not match the dock manifests.,,navigate:warehouse_approach,,,,,,
track_disturbance_repeat,narrative,"The slum streets channel you the same way they did before—leaning brick, shared load, thin light—but this time you are not finding the trail for the first time. You are walking it with the disturbance already named in your head, your plate confirming what memory already sketched.

Chemical runoff still threads toward the tenements by the old cistern ring. The soil reads spent—almost nothing left—yet that secondary signature holds: small, steady, someone's fuel paying for a private circle in a place where private fuel is its own kind of vow.

The path returns you to the crumbling tenement and the basement door: crude bonding paste, a simple lock circle, Freehand work—rough but functional. Someone with genuine skill who doesn't want visitors. The purifier's echo lives behind that threshold; the district's larger arithmetic waits beyond it.",,,c_tdr_1,Knock and announce yourself.,not_has_flag:purifier_basement_done,navigate:purifier_entrance_open,,c_tdr_2,Use your authorization seal to force the binding.,not_has_flag:purifier_basement_done,navigate:purifier_entrance_force,,c_tdr_4,A very old man is sitting outside in the afternoon sun. Speak to him first.,not_has_flag:purifier_basement_done,navigate:meet_old_tomas,,c_tdr_5,Verify drainage appendix K-B-11 (cistern ring—secondary).,any_of:has_flag:pattern_discovered+has_item:district_map+has_flag:chose_mireth_plaque,navigate:cat_colony_approach,,c_tdr_6,Follow stenciled routing marks that do not match the dock manifests.,,navigate:warehouse_approach_repeat,,,,,,
meet_old_tomas,narrative,"He's maybe seventy, settled on a low stool in a patch of weak afternoon sun, wearing the careful stillness of someone who has been very sick recently and is still learning to be well again.

You slow as you pass. Something in how he's sitting—hands loose in his lap, face turned toward the warmth with the specific attention of someone who hasn't been able to do that in a while—makes you stop.

'Good afternoon,' you say.

'Good afternoon.' He has a quiet voice, slightly surprised at being spoken to. 'You're not from here.'

'No. I'm a Scholar. Investigating some anomalies in the district.'

'Ah.' He turns back toward the sun. 'There's a woman inside who fixed the water. About six, seven months ago. The water here made you sick—stomach sickness, the fever kind, the kind that takes weeks off your life each time. My wife had it. I had it. Everyone had it.' He pauses. 'Then the woman fixed the water, and we didn't have it anymore.'

He says this as simply as he might say that the weather changed.

'Is the water going to stay fixed?' he asks.

You think about the readings from the seawall. About the drainage patterns. About a question you can't answer yet.

'I'm working on that,' you say.

He nods, not pressing. 'My wife made tea this morning. With the good water. She laughed when she drank it.' He looks at his hands. 'It's a small thing. But it's the first time she laughed at something in months.'

He closes his eyes and turns his face back to the sun. You stand there for a moment, holding that.

Then you go to the door and knock.",,,c_tomas_1,Knock on the basement door.,not_has_flag:purifier_basement_done,navigate:purifier_entrance_open,,c_tomas_2,Return to the disturbance trail.,has_flag:purifier_basement_done|not_has_flag:warehouse_thread_complete,navigate:track_disturbance,,c_tomas_3,Return to the disturbance trail.,has_flag:purifier_basement_done|has_flag:warehouse_thread_complete,navigate:track_disturbance_repeat,,,,,,,,,,,,,,,,
purifier_entrance_open,narrative,"You knock three times. 'Measured Scholars. I'm here about energy anomalies in the district. I'm not CEA enforcement.'

Silence. Then footsteps. The door opens a crack, and a woman's face appears—sharp-featured, dark-eyed, maybe forty. Her hands are stained with alchemical residue in the specific pattern of someone who spends significant time working with copper and catalyst compounds.

She looks at you the way a cat looks at something that has wandered into its territory and has not yet made clear whether it's a threat or an annoyance.

'A Scholar,' she says. 'In the slums. You're either genuinely here about anomalies, or you're the worst spy the CEA has ever employed.'

'Genuinely here. Your active circle work showed up on my readings. I'm trying to understand what's happening to this district's infrastructure, and whatever you're running is part of the pattern.'

She studies you for a long moment—really studies you, not just the ledger and the seal. Then she opens the door wider.

'Come in.' A pause. 'There's something you should know before you do, though. What's in here is helping people. And it's also making things worse. I know that. I've known it for months. I just couldn't see where the worse part was going.' She looks at you steadily. 'Tell me you can.'",,,c_open_1,Enter the basement.,not_has_flag:elara_met|not_has_flag:purifier_basement_done,navigate:meet_elara,,c_open_2,Enter the basement.,has_flag:elara_met|not_has_flag:purifier_basement_done,navigate:elara_basement_return,,c_open_3,You've already settled what lives down here. Step back into the district's larger pattern.,has_flag:purifier_basement_done,navigate:seek_answers,,,,,,,,,,,,,,,,
purifier_entrance_force,narrative,"You press your authorization seal against the alchemical binding. The seal's pattern disrupts the crude lock circle—a higher-quality application overriding a lower-quality one—and the door swings open.

Inside, a woman stands in the center of a cluttered basement workshop, holding an iron pry bar with the practiced grip of someone who's used one in anger before and is deciding whether this is one of those times.

'CEA?' she demands.

'Measured Scholars,' you say, holding up your ledger. 'I'm investigating energy anomalies in the district. Your active circle work appeared on my readings.'

She doesn't lower the bar immediately. 'You just forced my door. Scholars observe. They don't break in.'

'I'll note the property damage in my report alongside everything else I'm noting today.' You look past her at the apparatus in the center of the room—copper tubes, a custom circle plate, a sealed fuel chamber with refined catalyst blocks. 'What is that?'

She follows your gaze. Holds the bar for one more beat of decision. Then slowly lowers it.

'Sit down,' she says. 'And don't touch anything without asking. Last person who touched my equipment without permission lost two fingernails and an argument.'",,adjust_community_cost:5,c_force_1,Examine the apparatus.,not_has_flag:elara_met,navigate:meet_elara,,c_force_2,Continue into the workshop.,has_flag:elara_met,navigate:elara_basement_return,,,,,,,,,,,,,,,,,,,,,
meet_elara,narrative,"Her name is Elara. She makes tea—from the purifier's clean output, automatically, without asking—and sets a cup in front of you before saying anything else. It's the gesture of someone who grew up with hospitality as a reflex, regardless of circumstance.

'It's a water purifier,' she says, sitting across from you. 'The district's water started showing contamination signs about a year ago — chemical compounds from the foundation drainage seeping into the water table. The CEA said repairs were scheduled. Said that for two years. Seven months ago the materials were cut and it went from bad to undrinkable. I built something instead.'

She says it simply, not defiantly. The way you'd say: it was raining, so I made a roof.

The device in the center of the room is remarkable work. A multi-stage purifier constructed from salvaged copper tube and refined catalyst blocks—Tier 1 material, chosen carefully for specific chemical separation properties. At its center, a custom circle plate she inscribed herself: a reconfiguration circle designed to separate dissolved chemical compounds from water at the molecular level. The craftsmanship isn't perfect—the circle has minor asymmetries, the tube joints show signs of repeated adjustment—but it works. Your diagnostic plate can see it working.

'Twenty families have clean water because of this,' she says. 'Sixteen children who had the water-fever recovered. Old Tomas next door, who was close to the end—he recovered.' A small pause. 'I know there's a cost I couldn't see. There's always a cost I couldn't see. I built it anyway, because the cost of not building it was people dying of thirst in a city with a bay full of water.'

She looks at you. 'What did I miss?'",,set_flag:elara_met:true,c_elara_1,Run a full analysis on the purifier first.,,navigate:purifier_analysis,,c_elara_2,Take a sip of the purified water to test it.,,navigate:death_drink_water,,,,,,,,,,,,,,,,,,,,,
elara_basement_return,narrative,"The basement smells of copper and tea. Elara looks up from her workbench—not surprised to see you, exactly, but weighing how much time she can spare.

'Back already,' she says. Her gaze skims the cellar walls and the bench, tallying a space that is still hers whether the machinery cooperates or not. 'Same workshop. Ask what you need.'",,,c_ereturn_1,Run a full analysis on the purifier first.,,navigate:purifier_analysis,,c_ereturn_2,Take a sip of the purified water to test it.,,navigate:death_drink_water,,,,,,,,,,,,,,,,,,,,,
purifier_analysis,narrative,"You spend an hour with your diagnostic plate and measurement tools mapping the purifier's exchange ratios. Elara watches you work in silence—she understands enough to know that what you're doing matters, and has the discipline to let you finish without filling the time with her own uncertainty.

The purifier is ingenious. Elara's reconfiguration circle restructures dissolved contaminants at the molecular level, separating them from the water matrix. The exchange is real and functional: clean water flows out, isolated toxins stay behind. It is good work done with imperfect materials, and it is doing what she built it to do.

But the toxins have to go somewhere. Equivalent exchange—the compounds don't disappear. They are displaced. And your analysis shows exactly where. Elara's drainage system channels the isolated toxins downward through the building's outflow pipes, into the district's underground drainage network, and from there into the soil around the seawall's foundations.

Over seven months, the compounds have been accumulating in the fuel chambers embedded in the seawall's base—reacting with the maintenance fuel and rendering it inert, preventing the wall's support circles from receiving the energy they need to maintain structural integrity.

Each liter of clean water costs a fraction of the wall's structural capacity.

You show Elara the analysis. She reads it with the focused attention of someone who has been waiting for the answer and is experiencing the particular pain of finding out they were right to worry.

'I didn't know,' she says quietly.

'I know,' you say. 'That's the hardest kind of bad exchange. When everyone thought they were doing the right thing.'

She doesn't say anything else for a moment. Neither do you.",,,c_analysis_1,Give her a moment. Then talk about what she built and why.,,navigate:elara_backstory,,,,,,,,,,,,,,,,,,,,,,,,,,
elara_backstory,narrative,"She makes more tea. It seems to be what her hands do when her mind needs space.

'I had a cousin,' she says, not looking at anything in particular. 'Years ago. Different district, same problem—contaminated water supply, infrastructure failure, CEA moving slowly. She was twelve.' A pause. 'She died. Water-fever, when it gets bad enough. It's not a spectacular death. It's just a long, degrading one.'

She turns the tea cup in her hands.

'I started learning alchemy because of that. Not from an academy—I couldn't afford it, and I didn't have the kind of background they look for anyway. I learned from watching, and from people who were willing to teach, and from failing a hundred times in small ways before I started failing in medium ways.' A very faint smile. 'It took me fifteen years before I could do anything I would call good work. I've been doing Freehand repairs in this district for six of them.'

The Freehands don't have offices. They have people. In districts like Karet Bay, where the Secretariat's authority runs thin and official repair orders wait months in queue, it's Freehand networks that adjudicate disputes, coordinate labor, and fill the gaps. You knew this abstractly. Watching Elara, you understand it practically.

'When the water started failing, I thought—I know how to do this. Not perfectly. With what I have. But I know how to do this.' She looks at the purifier. 'I knew there would be a cost I couldn't see. There always is, with work you do in a hurry with imperfect materials. But the alternative was to wait for a perfect solution while Old Tomas and sixteen children got sicker. That's also a cost. Waiting is a cost. I just—chose which cost to pay.'

She meets your eyes. 'I'm not asking you to tell me I was right. I know I wasn't completely right. I just want you to understand why I built it.'

You do. That's the problem.",,,c_back_1,Talk about what happens next.,,navigate:purifier_context,,,,,,,,,,,,,,,,,,,,,,,,,,
purifier_context,narrative,"'Seven months,' she says. 'And now it's part of the problem.'

'It's part of what made the problem visible. That's different.'

She looks at you. 'Is it?'

You think about that. 'The seawall was already compromised by the material redirection. Your purifier accelerated the timeline. Without your purifier, the wall would still fail—just later, and without warning. With your purifier, the timeline is urgent enough that someone has to act.'

'That's a generous interpretation.'

'It's an accurate one.' You close your ledger. 'The question now is what to do about it. You have three options, and none of them are good.'

'I'm listening.'

'If we shut the purifier down, the water goes back to being contaminated. The people who recovered may relapse. New cases will develop. If we leave it running, the seawall continues to degrade. If the wall fails, the entire district floods.' You pause. 'There's a third option—I may be able to modify the drainage to redirect the chemical runoff into a sealed vessel instead of the drainage network. It would stop the wall damage while keeping the water clean. But it would cost fuel and personal energy I can't easily replace, and someone would need to empty the vessel every three days.'

Elara looks at the purifier for a long time.

'Red Harrow held because people made it hold,' she says quietly, almost to herself. 'People paid costs they didn't choose. That's not a lesson. That's a warning.'

The silence between you has weight.",,,c_context_1,Shut it down. The seawall risk is too great.,,navigate:purifier_choice_destroy,,c_context_2,Try to modify it to redirect the runoff.,,navigate:purifier_choice_modify,,c_context_3,"For now, leave it. I need the full picture before acting.",,navigate:purifier_choice_leave,,,,,,,,,,,,,,,,
purifier_choice_destroy,narrative,"Elara watches as you draw the neutralization circle around the purifier's core. Her hands stay at her sides, knuckles pale; she does not step in to correct your radius the way she would for anyone helping her keep a seal honest.

'Twenty families,' she says. 'Their marks are on the draw sheet I keep beside this tap—names on today's ration roster at the spout, jug by jug.'

'Six thousand people in the district if the seawall fails.'

'The seawall won't collapse tonight.'

'No. But it will collapse. And the longer your purifier runs, the sooner that is.'

The circle is complete. You activate it, drawing from your reserves—a clean, deliberate operation. The purifier's reconfiguration circle loses coherence, its carefully designed exchange pattern dissolving. The copper tubes stop humming. The catalyst blocks cool. Clean water stops flowing from the output tap.

The fuel chambers in the wall's foundations will slowly clear as the toxic runoff stops flowing. The maintenance circles will begin to recover. Slowly, but they'll recover.

Elara does not look at you. 'Get out of my house, Scholar.'

You leave. Behind you, you can hear her—probably checking the tap, finding it dry. In the stairwell, you think about Old Tomas and his wife's morning tea. In your ledger, the calculations are flawless. The math says you made the right call.

The math does not explain why climbing the stairs feels like something is getting heavier with every step.",,set_flag:purifier_destroyed:true|set_flag:purifier_resolved:true|set_flag:purifier_basement_done:true|adjust_community_cost:20|adjust_stability:10|adjust_state_chaos:-5|adjust_energy:-20,c_destroy_1,Continue your investigation.,,navigate:seek_answers,,,,,,,,,,,,,,,,,,,,,,,,,,
purifier_choice_modify,narrative,"You commit to the modification: a secondary exchange loop that catches the isolated compounds before they reach the drainage network, sealed in a vessel Elara can empty on a schedule.

The method is the variable. A sanctioned Tier 2 block can carry part of the load and keep your body from doing all the accounting. Without it, the same geometry still works—it simply charges a different account.

Elara sets the lamp where you need it. 'Then we do it properly,' she says. 'Or we do not do it at all.'",,,c_pm_1,Route runoff through a spare Tier 2 block.,has_item:fuel_blocks,navigate:purifier_modify_fueled,,c_pm_2,Route runoff through yourself—no spare block.,,navigate:purifier_modify_blood,,,,,,,,,,,,,,,,,,,,,
purifier_modify_fueled,narrative,"You sketch the secondary loop while Elara keeps the lamp honest and your chalk dry. She passes tools before you ask—pliers, a straightedge, a rag for a bead of condensation that would have lied to the seal.

The purifier was never built for two-stage exchange. That is the insult and the puzzle: making the first circle accept a neighbor without treating the neighbor like an intruder. You route the runoff into a copper vessel, bond a containment pattern to the specific compound profile, and let the block eat the part of the cost the textbooks prefer to hide behind inventory lines.

When the hum changes, it is not theater. It is alignment. Clean water still answers at the tap. Dark runoff gathers where it is supposed to gather—inside a circle that knows its name.

Elara exhales once, controlled. 'Three days on that vessel,' you say. 'CEA collection will hate the paperwork.'

'They can hate it on their own time.' She watches your hands. 'You paid.'

You did. The block is gone from your kit. What remains is tiredness with clean edges—the kind that does not pretend it was free.",,remove_item:fuel_blocks:1|adjust_energy:-24|adjust_stability:5|adjust_community_cost:-5|set_flag:purifier_modified:true|set_flag:purifier_resolved:true|set_flag:purifier_basement_done:true,c_pmf_a,Rest briefly then continue toward the CEA thread.,not_has_flag:mercy_spend_one,navigate:seek_answers,set_flag:mercy_spend_one:true,c_pmf_b,Rest briefly then continue toward the CEA thread.,has_flag:mercy_spend_one|not_has_flag:mercy_spend_two,navigate:seek_answers,set_flag:mercy_spend_two:true,c_pmf_c,Rest briefly then continue toward the CEA thread.,has_flag:mercy_spend_one|has_flag:mercy_spend_two,navigate:seek_answers,,c_pmf_d,Ask Elara about the Freehands safehouse.,,navigate:freehands_safehouse,,,,,,,,,,,
purifier_modify_blood,narrative,"There is no sanctioned block left to feed the second loop—only your body, your chalk, and Elara's steady hands when the lamp needs tilting.

You build the containment geometry anyway. You force the purifier's first-stage circle to accept a neighbor it never asked for, sealing the isolated compounds into copper with a bond tight enough to shame the drainage network. The work takes longer. The cost does not spread across fuel inventory; it stacks in your joints, behind your eyes, in the quiet place where you keep track of what you can still spend.

When the hum settles into its new note, clean water still answers at the tap. The vessel fills with the dark runoff you refused to send downstream.

Elara does not thank you in flourishes. She nods once, as if confirming a measurement. 'Three days,' you say. 'Empty it. CEA will complain.'

'Let them.'

You lean against the doorframe until the room stops sliding sideways. The exchange is balanced. The receipt is yours.",,adjust_energy:-42|adjust_stability:5|adjust_community_cost:-5|set_flag:purifier_modified:true|set_flag:purifier_resolved:true|set_flag:purifier_basement_done:true,c_pmb_a,Rest briefly then continue toward the CEA thread.,not_has_flag:mercy_spend_one,navigate:seek_answers,set_flag:mercy_spend_one:true,c_pmb_b,Rest briefly then continue toward the CEA thread.,has_flag:mercy_spend_one|not_has_flag:mercy_spend_two,navigate:seek_answers,set_flag:mercy_spend_two:true,c_pmb_c,Rest briefly then continue toward the CEA thread.,has_flag:mercy_spend_one|has_flag:mercy_spend_two,navigate:seek_answers,,c_pmb_d,Ask Elara about the Freehands safehouse.,,navigate:freehands_safehouse,,,,,,,,,,,
purifier_choice_leave,narrative,"'I won't call this finished while the upstream numbers still lie,' you tell Elara. 'The tap, the wall drains, and the northern substation pull from the same throat—I need the trail straight before I pretend one mouth ate it all.'

She looks at you for a long moment. Then, quietly: 'That's the Scholar's answer. The Freehand answer is that people are drinking clean water today, and today matters.'

'Both things are true.'

'Yes.' She crosses to a cabinet and pulls out a hand-drawn map—the district's underground infrastructure, marked with months of her own observations. 'I've been tracking the depletion pattern. It's directional. The fuel reserves in the northern sector feed through a CEA substation and then out somewhere. I don't know where. But seven months ago, the flow changed, and that's when the contamination went critical.'

She gives you the map. 'Find out where the district's material allocation is going. Then come back and tell me whether my machine is really the problem, or whether it's one small piece of a much larger one.'

You take the map. You both know the answer already.",,set_flag:purifier_left:true|set_flag:purifier_basement_done:true|adjust_stability:-5,c_leave_pur_1,Take the map and continue.,,navigate:seek_answers,,,,,,,,,,,,,,,,,,,,,,,,,,
seek_answers,narrative,"The pattern is pointing upward—not deeper into the slums, but toward the CEA's own infrastructure.

You may not have tied off every thread you started. What you can still show—the crane's unauthorized reinforcement where you saw it, the drainage signatures you've mapped, and everything else you've pulled since you arrived, Elara's purifier included if you traced the runoff that far—points the same way: this district's infrastructure has been systematically starved. The question is who decided to starve it.

The CEA district office is at the top of the administrative quarter. You walk toward it through streets that never quite empty—foot traffic, handcarts, the low rhythm of work that does not wait on any single bell—past children who have not yet learned to carry the particular exhaustion of the district on their faces. You pass the Drowning plaque again. Someone has left a single flower at its base. The flower is wilting.

You stop for a moment at the plaque. You have cited the Drowning incident three times in your work. From inside the district, the memorial reads less like a citation and more like a receipt—three sentences of formal accountability, polished thin by weather and by the habit of being read.",,,c_seek_1,Go directly to the district Overseer.,,navigate:cea_building_exterior,set_flag:seek_answers_left_once:true,c_seek_2,Investigate the CEA substation first.,,navigate:cea_substation_investigation,set_flag:seek_answers_left_once:true,c_seek_3,Put the escalation on formal record before you confront the Overseer.,not_has_flag:authority_escalation_filed,navigate:authority_overplay_1,set_flag:seek_answers_left_once:true,c_seek_4,Meet Elara by the bronze—she holds the district's unspent answer.,has_flag:elara_met|has_flag:purifier_resolved|world_check:vaelEnergy:<=:55|not_has_flag:declined_elara_craft_path|has_flag:seek_answers_left_once|has_flag:fiction_day_3|reputation_check:freehandsRep:>=:25|world_check:communityCost:>=:15,navigate:elara_offer,,c_seek_5,Check the purifier thread in your ledger.,has_flag:purifier_basement_done,navigate:seek_purifier_echo,,,,,,
seek_purifier_echo,narrative,"You flip to the basement entry and reread what you already decided—not for doubt but for precision. Memory lies. Ink does not unless someone smudges it on purpose. Three outcomes are still legible. You touch the line that matches the flag your week actually set.",,,c_spe_1,Read the destruction entry.,has_flag:purifier_destroyed,navigate:echo_purifier_destroyed,,c_spe_2,Read the modification entry.,has_flag:purifier_modified,navigate:echo_purifier_modified,,c_spe_3,Read the withdrawal entry.,has_flag:purifier_left,navigate:echo_purifier_left,,,,,,,,,,,,,,,,
echo_purifier_destroyed,narrative,"You chose the wall over the tap. The ledger calls that coherent. Your body still remembers Elara's kitchen going quiet when clean water stopped answering.

The entry ends where it should: resolved, documented, paid.",,,c_epd_1,Close the ledger.,,navigate:seek_answers,set_flag:seek_answers_left_once:true,,,,,,,,,,,,,,,,,,,,,,,,,
echo_purifier_modified,narrative,"You chose a second loop and a vessel Elara can empty. The toxins do not get to use the drainage as a hiding place anymore.

The cost sits in fuel or marrow, depending on the line you wrote—but the outcome reads the same: modified, contained, still running.",,,c_epm_1,Close the ledger.,,navigate:seek_answers,set_flag:seek_answers_left_once:true,,,,,,,,,,,,,,,,,,,,,,,,,
echo_purifier_left,narrative,"You stepped back before the basement forced a third shape onto your week. The entry is shorter than the others because omission is also a kind of receipt.

You did not rewrite Elara's machine. You left the problem labeled instead of solved.",,,c_epl_1,Close the ledger.,,navigate:seek_answers,set_flag:seek_answers_left_once:true,,,,,,,,,,,,,,,,,,,,,,,,,
cea_substation_investigation,narrative,"Before you knock on the Overseer's door, you walk the northern substation and burn your last full Tier 2 block on a scan that leaves your hands steadier than your stomach.

Behind the maintenance panel: redistribution orders, Overseer Toris's signature, neat as surgery. The district's Tier 2 fuel—the stuff meant to feed maintenance circles in the seawall, the grid, the water system—has been formally redirected, not hidden. Authority-approved. Highpoint Transit Rail. Seven months running.

At forty percent of normal supply, the circles were built to fail slowly. They did.

The substation still lies to you in a smaller voice. The rail shows full capacity; the structural work on the line outruns what those redirected loads can explain—twelve, maybe fifteen percent with no receipt on the page.

Your ledger spells it out: that slice of maintenance has no identifiable material cost.

Either your instruments are wrong, or someone is feeding the exchange from somewhere your scan cannot name.

Seven years of training, and the rail's output still matches nothing in the codex you were taught to treat as exhaustive—not even worn down. The Survey of Material Properties has a phrase for it, tucked in a footnote like a splinter: *output above calculable input, source unknown.* Last confirmed case, eight hundred years ago, at a site that no longer exists. The footnote does not say what happened to the site.

You mark it with three question marks and close the panel. You still don't have an answer. Your shoulders stay tight anyway—the kind of tight that means your body understood before your mouth caught up.",,add_item:transit_anomaly:1,c_ceainv_1,Go confront Overseer Toris.,,navigate:cea_building_exterior,,,,,,,,,,,,,,,,,,,,,,,,,,
cea_building_exterior,narrative,"The CEA district office sits at the intersection of the administrative quarter and the main loading street—a blocky, well-maintained concrete building with the Authority's seal engraved above the entrance. It is, without question, the best-maintained building in the district.

You stand outside it for a moment.

A woman is waiting on the steps with a permit application. She has clearly been there for some time—her food, wrapped in paper, has been eaten, and she's working on what looks like a second cup of tea from a vendor cart. The entrance guard glances at her occasionally with the expression of someone who knows exactly what the answer to her application will be and hasn't been asked to deliver it yet.

Across the street, two boys are patching a wall with Tier 0 paste and a chalk circle—basic shaping work, the kind anyone can do. The circle is drawn with the careful focus of someone who has done it a few times and hasn't yet made it reflexive. They're fixing something that wouldn't need fixing if the district's maintenance circles were running properly.

The transit rail is visible in the far distance, running elevated through the upper city. From here it catches the late afternoon light. It looks clean. Finished. Properly maintained.

Across the road from the CEA office, leaning against a wall with the deliberate patience of someone waiting for permission to enter, a set of Measured Scholars field equipment is stacked neatly beside a folding desk. Diagnostic plates, fuel inventory, a calibration ledger—the same kit you carry, but older and more worn. The owner isn't here. The equipment says: another Scholar was in this district before you. The fact that it's parked outside the CEA building says they were working the same problem.

The Authority's entrance is a few steps away. The folding desk across the street is a different door into the same question—which you open first is up to you.",,adjust_cea_rep:5|set_flag:fiction_day_3:true,c_cea_ext_1,Enter the building.,,navigate:meet_toris,,c_cea_ext_2,"Stop at the desk—present inspector credentials to be logged and stamped, by the book.",has_item:cea_authorization,navigate:cea_logged_entry,adjust_stability:3|adjust_energy:-5,c_cea_ext_3,Check the Scholar field camp across the road. That equipment belongs to someone.,,navigate:scholar_camp,,,,,,,,,,,,,,,,
cea_logged_entry,narrative,"The clerk spends thirty seconds pretending not to care. Your authorization seal hits the wax tray with a sound that says *procedure* louder than you meant it to.

Friction drops a notch. Your personal reserves pay a small, immediate tax for the performance. Fair exchange, if the exchange is honest.",,,c_cea_log_1,Proceed to the Overseer's office.,,navigate:meet_toris,,,,,,,,,,,,,,,,,,,,,,,,,,
meet_toris,narrative,"Overseer Toris is a heavyset man with immaculate clothes and the hands of someone who has not touched raw material in many years. His office smells of expensive incense—a sharp and particular contrast to the chemical reek outside. On the wall behind his desk hangs his Revolutionary Council appointment seal, polished to a mirror shine, and below it a framed portrait of the First Citizen above a plaque reading YEAR ZERO TO PRESENT: THE REPUBLIC HOLDS. The whole arrangement says: I belong here, and I have the documentation to prove it. He listens to your report with practiced patience, fingers steepled, nodding at appropriate intervals in the way of a person who has learned to receive information without reacting to it.

When you've laid out what the day actually yielded—the depletion figures where you have them, the infrastructure thread wherever it led, the downstream effects you can document without pretending the picture is finished—he's quiet for a moment. Then he opens a drawer and pulls out a large schematic—the material distribution grid for the entire city.

'Citizen Vael. Your data is thorough. I appreciate thoroughness.' He taps the Highpoint Transit Rail on the schematic. 'When complete, this project will generate a forty percent increase in trade throughput for all of Caldris—including the lower districts, including Karet Bay. Thornfeld Compact contracts worth a decade of infrastructure funding are conditional on this rail network being operational. Three Free Ports League cities have already renegotiated their material rates based on projected capacity.' He taps Karet Bay. 'To achieve that, we temporarily reallocated resources from lower-priority maintenance networks. The exchange is calculated. The net benefit outweighs the transitional cost.'

He says it with the smoothness of something he's said before, and believed before, and possibly stopped believing at some point but has continued saying anyway. The portrait of the First Citizen watches from behind him.",,,c_toris_1,You're redirecting material from a district that already paid once in the Drowning?,,navigate:toris_reveal,,c_toris_2,Flip his desk over.,,navigate:death_flip_desk,,,,,,,,,,,,,,,,,,,,,
toris_reveal,narrative,"Toris doesn't flinch. 'Redirecting. Not removing. The formal authorization specifies that Karet Bay's allocation will be restored at project completion. This is a temporary measure.'

The office air is too clean; it makes every word sound filed.

'Seven months isn't temporary for the people living in it.'

'Infrastructure projects operate on infrastructure timelines. The transit rail is nine months from completion.' He leans forward slightly. 'The assessments on my desk assume current depletion rates. The restoration of materials at project completion will—'

Your pulse ticks against your collar. You cut in anyway.

'The seawall is failing now. Not at project completion.'

He stops. Something passes across his face—not guilt, exactly. More like a calculation being rerun with an unexpected variable. He pulls an internal packet from the stack beside him and reads a page the way a person reads when the numbers stop behaving.

'Our projections had a fifteen percent structural failure rate as the acceptable range for this district during the reallocation period,' he says, more quietly than before.

Fifteen percent. Six thousand residents. You do the math without meaning to. Nine hundred people.

'I understand why you used the word acceptable,' you say. 'I need you to understand that I cannot.'",,add_item:toris_orders:1,c_reveal_1,Your models are wrong. The seawall situation is far more critical than fifteen percent.,has_item:seawall_analysis,navigate:toris_confrontation,,c_reveal_2,Who authorized this above you? Give me the full chain.,,navigate:toris_authorization,,c_reveal_3,Fifteen percent is not acceptable. Those are people's lives.,,navigate:toris_philosophy,,c_reveal_5,"Lay down the crane file: grade, loads.",has_item:crane_report|has_item:seawall_analysis,navigate:toris_confront_crane_lead,adjust_stability:3,c_reveal_6,Read Kaelen's testimony aloud. Let the workers' account stand as part of the record.,has_item:worker_testimony,navigate:toris_philosophy,adjust_community_cost:-8|adjust_stability:4,,,,,
toris_authorization,narrative,"Toris's expression closes. 'The authorization chain is above your clearance level, Scholar. You were sent to investigate a crane anomaly. I would suggest filing your report on the crane.'

'I'm a Measured Scholar. Assessment is my function.'

'You're a junior field evaluator on a field investigation. Don't mistake one day in the docks for an understanding of how city-scale systems work.' He stands, which is a clear signal that the meeting has reached its end. 'I've been managing this district's resource allocation for twelve years. I've served on three successive Revolutionary Council infrastructure commissions. The mathematics of governance require perspective that extends well beyond one failing circle and one contaminated drain.'

He opens the door for you. 'File your crane report. Anything else you've placed on the record will be weighed when the docket allows.'

You go. But as you pass his desk, you see something: a stamped requisition for emergency structural reinforcement of the transit rail supports. Dated yesterday. If the transit rail itself needs emergency reinforcement, the material pressure is more aggressive than Toris's numbers acknowledged.

You note the requisition number. You're going to need it.",,adjust_state_chaos:10,c_auth_1,Leave the office.,,navigate:toris_aftermath,,,,,,,,,,,,,,,,,,,,,,,,,,
toris_philosophy,narrative,"Toris regards you with the patience of a teacher addressing a student who has confused sentiment with precision.

Outside the window, the upper city stays bright and distant.

'Scholar, I respect your concern. But the fundamental law of this world is that nothing happens without cost. The question has never been whether cost will be paid—it always will be. The question is how to distribute it for the maximum collective benefit.' He gestures at the glass. 'If the transit rail is delayed, two hundred thousand people experience economic harm. Trade contracts default. Employment falls across every district. The ripple effects damage Karet Bay as much as any other district.'

You keep your hands flat on the chair arms. Stillness as anchor.

'And if the seawall collapses?'

'Then six thousand people in one district experience a catastrophe. Terrible. But contained. The math is clear.'

He meets your eyes. Not cruelty. Not indifference. Genuine conviction, which is worse.

'I do not enjoy this,' he says, and you believe him. 'I have not slept well in seven months. But if I assign cost based on my emotional responses rather than systemic calculation, I cause more harm, not less. Red Harrow held because someone coordinated it—because someone made difficult decisions about who stood where and in what order.' A pause. 'I make those decisions. Every day.'

'At Red Harrow,' you say quietly, 'the people who stood in the dangerous positions knew what they were standing in. They chose.'

He wields equivalent exchange the way old power invoked divine right, laying cost on people who never agreed to carry it. The founding texts called that bargain the Right of Exchange: governance stays legitimate only while cost stays fair—and the rebellion already proved what happens when it does not.

Something shifts in his face. Something small and quickly closed.

He doesn't answer.",,adjust_state_chaos:5,c_phil_1,Leave the office.,,navigate:toris_aftermath,,,,,,,,,,,,,,,,,,,,,,,,,,
toris_confrontation,narrative,"You spread your seawall analysis on his desk. 'Your models account for gradual material depletion. They don't account for compound effects. There's chemical contamination in the drainage network—toxic compounds building up in the seawall's fuel chambers and rendering the remaining fuel inert. Combined with your material redirection, the wall's maintenance circles aren't degrading gradually—they're accelerating toward cascade failure.'

Toris picks up the seawall analysis and studies it. He reads with the focused attention of someone whose professional competence is real even if his judgment is not. When he sets it down, he's quiet.

'This is outside our projected parameters,' he admits.

'Yes. Because your projected parameters assumed the system would fail in the ways you modeled, not in the ways that actually emerged from the conditions you created.' You hold his gaze. 'I'm not projecting gradual failure. I'm projecting cascade failure within the next day, possibly less.'

He is quiet for a long time. Something moves in his face that might be the beginning of a reckoning or might be the closing of one. You genuinely can't tell.

'I'll submit your analysis for emergency review,' he says at last. 'The reallocation schedule will be reassessed at the department level.'

'That takes days.'

'The process takes as long as it takes.' He stands. 'File your crane report. I'll ensure the seawall assessment receives priority.'

You leave. You don't believe him. Men like Toris don't reassess—they recalculate acceptable losses and issue new projections.",,adjust_state_chaos:10|adjust_stability:-5,c_confront_1,Leave the office.,,navigate:toris_aftermath,,,,,,,,,,,,,,,,,,,,,,,,,,
toris_confront_crane_lead,narrative,"You lay the crane file in the lamp's circle—timestamps, load figures, the blunt story of a hoist asked to carry more stress than its maintenance circle was fed to absorb. Toris reads the summary line first, then the next, then stops pretending the numbers are news. His mouth settles into something courteous.

'Crane work,' he says. 'File it on the crane docket. That's the channel this office expects.'

'The crane isn't an island.'

'Neither is my schedule.' He sets the page down with care, as if neatness could end the conversation. 'If you want credit for thoroughness, earn it in the right box. Don't waste my afternoon turning an equipment complaint into district philosophy.'

The incense makes impatience smell like virtue. You don't gather the file back up.

You lay your seawall analysis beside the opened crane file so he can't pretend they're different conversations. 'Your models account for gradual material depletion. They don't account for compound effects. There's chemical contamination in the drainage network—toxic compounds building up in the seawall's fuel chambers and rendering the remaining fuel inert. Combined with your material redirection, the wall's maintenance circles aren't degrading gradually—they're accelerating toward cascade failure.'

Toris picks up the seawall analysis and studies it. He reads with the focused attention of someone whose professional competence is real even if his judgment is not. When he sets it down, he's quiet.

'This is outside our projected parameters,' he admits.

'Yes. Because your projected parameters assumed the system would fail in the ways you modeled, not in the ways that actually emerged from the conditions you created.' You hold his gaze. 'I'm not projecting gradual failure. I'm projecting cascade failure within the next day, possibly less.'

He is quiet for a long time. Something moves in his face that might be the beginning of a reckoning or might be the closing of one. You genuinely can't tell.

'I'll submit your analysis for emergency review,' he says at last. 'The reallocation schedule will be reassessed at the department level.'

'That takes days.'

'The process takes as long as it takes.' He stands. 'File your crane report. I'll ensure the seawall assessment receives priority.'

You leave. You don't believe him. Men like Toris don't reassess—they recalculate acceptable losses and issue new projections.",,adjust_state_chaos:10|adjust_stability:-5,c_tccl_1,Leave the office.,,navigate:toris_aftermath,,,,,,,,,,,,,,,,,,,,,,,,,,
toris_aftermath,narrative,"Outside the CEA building, you stand in the late afternoon air, organizing your notes. The woman with the permit application is still on the steps, still waiting. The guard is looking at her less and less.

A figure approaches you from the direction of the warehouses—a man about your age, well-dressed in the way of someone who wants to appear not to be anything in particular, carrying himself with the particular ease of someone who has made difficult decisions before and found them easier than expected.

'You came out looking like you found something you couldn't file, Citizen,' he says.

'That's a generous reading.'

'I've seen that expression on a lot of faces coming out of that building.' He falls into step beside you without asking. 'The Red Balance has been watching this district. Toris is doing exactly what the system is designed to do: assign cost downward, defer consequences, call it management. It's not malice. It's architecture.' He pauses. 'The council class controls the Revolutionary Council. The Revolutionary Council controls infrastructure allocation. Infrastructure allocation assigns cost. The only thing that changed from the old system is the credential you need to wield the authority—rebellion heritage and Council appointment instead of noble bloodline. Different name. Same function. The nobility said they were born to govern. The council class says the rebellion gave them the right. I'm not sure the people living in that district can tell the difference.'

'That sounds like a justification for something destructive.'

'It's a description of what's already happened.' He glances at you. 'Red Harrow was paid in blood. Those who paid it chose to. What Toris is doing is Red Harrow without the consent—the cost falls on Karet Bay whether they chose it or not. Someone could take that choice back.' He pauses. 'The cost will fall somewhere, Scholar. It always does. The question is whether we decide where, or we wait.'

He leaves before you can ask his name. You notice he left no pamphlet, no name, no seal. Nothing that could be filed, traced, or officially received. That, too, is a kind of architecture.",,,c_taft_1,Continue your investigation.,,navigate:evening_calculations,,,,,,,,,,,,,,,,,,,,,,,,,,
evening_calculations,narrative,"Night has fallen over Karet Bay. You are in a dockside tavern because it's the first place you found with light and a table, and your ledger is open but you haven't written anything in it for forty minutes.

You've been running the numbers since you sat down. Every time you finish, you start again. The numbers keep being right. That's the problem.

The material redirection. The maintenance circle failures. Chemical contamination in the drainage network displacing toxic compounds into the seawall's fuel chambers. Each one is a separate problem with a separate cause. None of them would be catastrophic alone. Together, they are converging on a single point.

You think about the Hollow Tower. You studied the incident report in your second year. What you remember is a phrase from the final section: *Multiple small acceptable deviations converging into catastrophic systemic failure.* At the time, you thought about it as an engineering lesson. You thought about it the way you thought about all the incidents—as patterns to recognize and avoid.

You're inside one. You're calculating it from the inside, and the pattern recognizes you back.

The difference between the Hollow Tower and this—the real difference—isn't the physics. It's that the Hollow Tower was a building, and the people inside it were variables. The people inside this district are not variables to you anymore. The faces from the day. The people who held things together with what they had. The ones who didn't ask for your calculations—they just did the work.

Mireth said: the numbers are clean.

The numbers are clean. And they're not enough.",,add_item:feedback_calculation:1|adjust_scholar_rep:3,c_calc_1,Run the final timeline calculations.,,navigate:worker_conversations,,c_calc_2,Order another drink and sit with what you know.,,navigate:vael_alone_evening,,c_calc_3,"Step into the alley, drink your energy tonic, let your hands stop shaking before you talk to anyone else.",has_item:energy_tonic|world_check:vaelEnergy:<=:55,navigate:worker_conversations,remove_item:energy_tonic:1|adjust_energy:22|adjust_hp:6,c_calc_4,Walk the district at night. See what changes after dark.,has_flag:pattern_discovered|has_flag:brin_met,navigate:night_district,,,,,,,,,,,
worker_conversations,narrative,"The workers around you are talking about the same things you've been calculating—but in the language of people who live inside problems rather than analyze them.

An older woman describes how the water pressure in her building dropped three months ago. 'Filed with the CEA. Filed again. Showed them the damage. They sent someone to look. He looked, wrote something down, and left. Two months ago now.' She shrugs. 'It's not personal. They just don't care.'

'That's not true,' says the man across from her. 'Caring isn't the right word for it. They do care—about the transit rail, about the throughput numbers, about the city-level projections. They care about everything except this.' He gestures at the table, at the tavern, at the district outside. 'This doesn't fit in a city-level projection.'

The Freehand woman—the one who spoke to you this morning—leans toward you. You didn't realize she was there until she spoke. 'You know what gets me? The Drowning happened three generations ago. The courts ruled. The principle was established: environmental harm is harm to people. It's the law. And somehow, redirecting the maintenance fuel that keeps this district standing—that's fine. That's an economic decision.' She tilts her head. 'Tell me how those two things coexist.'

You can't. 'One hand pays. Many hands carry,' you say, reciting the saying without thinking.

She gives you a look that is not unkind. 'We've been the many hands for two years, Scholar. We're tired.'

The man across the table adds: 'You want to know where Toris was this afternoon before you came to see him? Someone saw him at the Breakwater — that tavern in the upper quarter where the Council people take their real meetings. Three hours of wine while the maintenance requisition sat on his desk.'

He says it without particular bitterness. Just the flat statement of someone describing the architecture of the world.

The Freehand woman from the morning—Seren—catches your eye. 'There's a pamphleteer,' she says quietly. 'Shows up at the night markets. Never gives a real name. The workers call them Ash because the pamphlets always look like they were printed in a forge.' She pauses. 'Some of what Ash writes is reckless. Some of it is the clearest thinking in this district. If you end up walking the streets tonight—the night market runs until the third bell. Just follow the ink.'

You close your ledger. You don't open it again for a while.",,adjust_worker_rep:5,c_workers_1,Return to your calculations.,,navigate:vael_alone_evening,,,,,,,,,,,,,,,,,,,,,,,,,,
vael_alone_evening,narrative,"The tavern empties slowly. You stay.

At some point you stop looking at the ledger and start looking at your hands. There is chalk dust in the creases of your palms from the work you did today. The residue of your own expenditure, dried and pale.

You think about something Mireth said on your first day of field training. She said: 'The numbers are the most honest thing in this work. People will lie to you and factions will mislead you and your own feelings will distort things, but the numbers are just the numbers. Learn to trust them.'

You trusted them. You trust them now. The seawall calculations are correct.

What Mireth didn't say—or what you didn't hear—is that the numbers can be correct about what's happening and still be wrong about what matters. The Hollow Tower incident report was numerically accurate. It precisely described what failed and when. It did not say: and here is what was lost in the minutes before the collapse. It did not say: and here is what the three hundred people who died were to each other. It was not equipped to say those things. It wasn't built for them.

You think about the pamphlet you read on the way down—the header in block capitals, YEAR EIGHTY, and what stayed legible after a long day: *Year Zero, we buried the nobility for making others pay for their ease.* Later lines about council offices and portraits blur; the last phrase does not. *Someone tell me what changed.* You joined the Measured Scholars three years ago, rising through the guild's internal assessment process. You had guidance, mentors, connections—the accumulated capital of people who thought you showed promise. Not everyone who wanted to do this work had the same starting point. You know this. You have never thought hard about it.

You are a Measured Scholar. You were trained to find where the cost actually went.

You've found it. It went here. To this district. To Kaelen's hands and Dima's wrench and Elara's fuel chambers and Old Tomas's wife's morning tea. The cost went to people.

The numbers are clean. And they describe something that cannot be described cleanly.

You open your ledger to the last page and write the final timeline. Then you look at it for a long time without moving.",,,c_vael_1,The calculation is complete. You have to act.,,navigate:feedback_revelation,,,,,,,,,,,,,,,,,,,,,,,,,,
feedback_revelation,narrative,"The final numbers resolve sometime after midnight.

Timeline to critical structural failure: twelve to twenty-four hours. More likely the shorter end—there's a high-tide surge expected before dawn. When the wall fails, bay water will flood the entire lower docks district. Not a crack. Not a partial failure. The wall's foundation has been compromised along its entire length. Six thousand people.

You sit with the numbers for a long time.

Here is what you have learned today: the Hollow Tower didn't fall because one person made one mistake. It fell because a system of individually acceptable decisions accumulated into an unacceptable result, and no one was in a position to see the whole of it until it was too late. The CEA's material redirection was formally approved. Someone built a water purifier that genuinely helped people. Kaelen's reinforcement circle was the best available option. Every actor made their best calculation with the information they had.

And every calculation failed to account for the connections—the way cost, when pushed down by one hand, flows sideways into someone else's foundations.

No one broke the law of exchange. The cost was paid in full. It's being collected now, from the ground up.

You think about Mireth's folder. The clean numbers. The routine assessment.

You think about what you were sent here to do, and what you found.

You close the ledger, stand up, and run.",,set_flag:revelation_complete:true|adjust_state_chaos:20,c_rev_1,Get to the seawall.,,navigate:race_to_seawall,,,,,,,,,,,,,,,,,,,,,,,,,,
race_to_seawall,narrative,"You run through the dark streets of Karet Bay. The district is mostly asleep—a few late-shift workers, some tavern stragglers, a dog that watches you with professional interest as you sprint past.

None of them know. They are sleeping in what the seawall assessment describes as an acceptable loss distribution. They are sleeping with the calm of people who trust that if something were critically wrong, someone in authority would have told them.

The seawall is at the district's eastern edge, a dark mass against the faintly lighter darkness of the bay. As you approach, you can hear it—a deep, rhythmic groan that vibrates through your boots. The sound of a structure that has been holding past its limits for a long time and is beginning to feel the arithmetic of that catching up.

You press your diagnostic plate against the cold stone. The reading confirms everything: fuel chambers critical, maintenance circles dormant, structural integrity in the lower sections approaching cascade failure threshold. The high-tide surge is already building pressure against the outer face.

You look back at the sleeping district behind you. Six thousand people who have been paying the cost of this for seven months without being told why they were paying it or what it was going toward. People who patched things with what they had and held the line with what remained and did not know—could not know—that the line would not hold.

Three options. None of them clean. The cost falls somewhere regardless.",,adjust_worker_rep:5,c_race_1,Assess your options carefully.,,navigate:final_assessment,,c_race_2,Use your remaining preparation time well.,,navigate:final_preparation,,c_race_3,Find Elara before you decide.,has_flag:elara_met:true,navigate:elara_before_crisis,,c_race_4,Punch the seawall in frustration.,,navigate:death_punch_wall,,c_race_5,File the formal escalation. You have his orders—make them public record before you face the wall.,has_item:toris_orders,navigate:formal_escalation,,c_race_6,Coordinate the evacuation first—the district needs time before any solution.,has_item:freehands_token,navigate:evacuation_coordination,
elara_before_crisis,narrative,"You find her basement workshop lit, as always—Elara doesn't sleep when her fuel chambers need checking, and she's been awake since your visit. She looks up when you come down the stairs, reads your face, and doesn't ask why you're there.

'The seawall,' she says.

'Tonight. The tide surge.'

She closes her eyes for a moment. Opens them. 'How bad?'

'The whole district, if nothing changes.'

She's quiet for a long time. Then she stands and starts moving—going to a cabinet, pulling out what turns out to be a detailed map of the district's underground conduit network, her own hand in the margins until the page reads like an argument with the official charts.

'What are you going to do?' she asks.

'I don't know yet. I have three options. None of them are good.'

She sets the map on the table and looks at it. 'Tell me.'

You tell her. All three. She listens the way she listens to everything—fully, without interrupting, giving the ideas the weight they deserve. When you're done, she's quiet again for a moment.

Then she says: 'The math will tell you the optimal answer. It's what you're trained for.' She looks up. 'But I've been doing this work for fifteen years, and I've learned that there's a difference between the optimal answer and the right answer. Sometimes they're the same. Sometimes they're not.' She meets your eyes. 'Whatever you decide—make sure it's because you decided it. Not because the calculation decided it for you.'

You stand there for a moment, the map between you.

'One hand pays,' she says quietly. 'Many hands carry. Whatever you need from me—I'm here.'",,,c_elara_crisis_1,Go to the seawall.,,navigate:final_assessment,,,,,,,,,,,,,,,,,,,,,,,,,,
formal_escalation,narrative,"You send the escalation through the Scholar network relay—Toris's own signed orders, timestamped, annotated against every structural failure you've documented since this morning. Your hands shake slightly as you seal the message. You do not stop to watch them.

It is the most complete formal record you have ever compiled. Material redirection authorization, projected failure rates, current readings, the seven-month timeline from memo to crisis. Everything the process needs to move.

Whether the process moves in time is not a question you can calculate. The seawall is. You run.",,adjust_state_chaos:5|adjust_community_cost:-8,c_esc_1,Get to the seawall.,,navigate:final_assessment,,,,,,,,,,,,,,,,,,,,,,,,,,
final_preparation,narrative,"You force yourself to stop and think. Preparation is part of the exchange too—acting badly is a higher cost than taking a moment to act well.

You have minutes before you need to commit. What do you have?

Your fuel: one Tier 2 block remaining. Your plates: the reinforcement plate at full activation capacity. Your chalk. Your personal energy: depleted from the day's work, but enough for one serious operation if you're careful. Enough, maybe, for something more if you're not.

What you don't have: enough to hold the seawall alone. No single person can pay the full cost of what's about to happen. But you know people in this district now. People who have been holding it together with less, for longer.

One hand pays. Many hands carry.",,,c_prep_1,Find Kaelen—his crew knows this waterfront. They can begin evacuation.,,navigate:final_assessment,set_flag:kaelen_alerted:true,c_prep_2,Find Elara—the Freehands network moves faster than any official channel.,has_flag:elara_met,navigate:elara_before_crisis,,c_prep_3,Prepare your field plates for maximum output—this will cost everything you have left.,,navigate:final_assessment,set_flag:prepared_solo:true,,,,,,,,,,,,,,,
final_assessment,narrative,"You force yourself to breathe. To think like a Scholar. Your ledger is open to the last page and you write the three primary options with a steady hand—the only thing about you right now that is steady. Another line may present itself should the commitments you have gathered align. Which paths you are actually offered next will follow your tallies, what you carry, and who in this district would still answer you—not from the ink alone.

OPTION ONE: Controlled Failure. The seawall has a weak section near the old tenement row where the original maintenance circles were cut into lower-quality stone—a known compromise in the original construction. If you manipulate the structural exchange to direct the failure toward that section, you can create a controlled collapse that plugs the breach with debris before the flood reaches the main residential areas. The district survives. The tenement block doesn't. It houses over a hundred people. You would be choosing them.

OPTION TWO: Redirect the Source. The CEA's material extraction conduit—the pipe that has been feeding the transit rail for seven months—runs directly under this district. If you reverse the flow, you can force the transit rail's accumulated structural reserves back into the seawall's fuel chambers, giving the maintenance circles enough to run through the surge. The transit rail loses power. It is elevated. During early morning operation, with hundreds of commuters already aboard.

OPTION THREE: The Red Harrow Option. A trained alchemist can serve as a living fuel source—using their own body as a catalyst to sustain dormant circles when no external fuel remains. At this scale, with this much accumulated chemical toxicity in the seawall's fuel system, it means running the wall's maintenance circles through your own body and filtering the toxins as they pass. The theory is sound. The accounts from the few recorded cases used clinical language. They used it very carefully.

Every option has a cost. Every cost falls on someone.

Who pays?",,adjust_scholar_rep:5|adjust_cea_rep:5,c_final_1,Channel the failure toward the tenement. [CEA Route],world_check:districtStability:<=:55,navigate:ending_cea_route,set_flag:chose_cea_ending:true|adjust_community_cost:40,c_final_2,Overload the transit rail to save the seawall. [Radical Route],world_check:stateChaos:>=:20,navigate:ending_radical_route,set_flag:chose_radical_ending:true|adjust_state_chaos:30,c_final_3,Act as a living fuel source. Absorb the cost yourself. [Red Harrow Route],,navigate:ending_sacrifice_route,set_flag:chose_sacrifice_ending:true|adjust_energy:-80,c_final_4,Reverse the conduit. You have the substation readings—you know exactly where the transit rail's reserves are. [Radical Route],has_item:transit_anomaly,navigate:ending_radical_route,set_flag:chose_radical_ending:true|adjust_state_chaos:30,c_final_5,Channel the failure toward the weak tenement row—controlled collapse at the documented weak section. [CEA Route],world_check:districtStability:>:55,navigate:ending_cea_route,set_flag:chose_cea_ending:true|adjust_community_cost:40,c_final_6,"Coordinate the community response. The Freehands, the workers, Kaelen's crew—distribute the cost across everyone willing to carry it. [Collective Route]",has_item:freehands_token|reputation_check:workerRep:>=:40,navigate:ending_collective,set_flag:chose_collective_ending:true
ending_cea_route,narrative,"Your hands move with the precision that took three years of training to develop. You draw the redirection circle on the seawall—a multi-stage pattern that routes the structural failure toward the single weakest section: the old tenement row.

You tell yourself the calculation justifies it. One hundred people at concentrated risk versus six thousand at distributed risk. The math produces the same answer every time you run it. This is what the CEA would do. This is, in fact, exactly what Toris calculated as an acceptable outcome. You are doing the work his projection said someone would eventually have to do—just without the formal authorization and the managed distance of an office.

The circle activates, drawing from your last fuel block, guided by your personal energy. The seawall groans, shifts—and a section thirty meters wide gives way in a controlled cascade. Stone and iron tumble inward. The tenement's foundation receives the impact. Fractures race up its facade. The lower floors collapse.

The debris pile does exactly what your calculations predicted. It plugs the breach. The rest of the seawall holds. The flood is contained to a single block.

Emergency teams arrive within minutes. They work through the rubble. Some of the people they pull out are alive.

You stand at the edge of the destruction zone, your ledger closed, your chalk snapped in half somewhere in the last few minutes. You don't remember snapping it.

Your calculations were perfect. The district is saved.

And you have become, with your own hands, exactly what Toris would have done with paperwork.",,adjust_community_cost:30|adjust_stability:20,c_cea_end,Wait for dawn.,,navigate:epilogue_cea,,,,,,,,,,,,,,,,,,,,,,,,,,
epilogue_cea,ending,"Dawn breaks over Karet Bay. Emergency crews have been working all night. Seventeen people are confirmed dead from the tenement collapse. Forty-three injured. The seawall breach is being temporarily reinforced with emergency materials that were apparently available all along when the situation became visible enough to require them. Interesting.

A CEA official finds you sitting on a chunk of broken masonry at first light and reads your preliminary report. He nods approvingly. 'Controlled failure mitigation. Excellent methodology, Scholar. You saved the district.'

You look at the sheet-covered forms being carried from the rubble. Seventeen of them.

In the days that follow, the CEA formally commends your assessment and decision-making. Controlled failure mitigation becomes a referenced protocol. Your name appears in technical documents. Senior scholars speak of you with something approaching awe. You are given a better office.

Nobody in Karet Bay speaks of you at all.

But Dima—Kaelen's youngest crew member—has started learning structural alchemy from a Freehand teacher, a woman whose name never made it into your paperwork. She was heard telling him: 'You need to know this because no one should ever have to make the choice that Scholar made. We give you knowledge so the exchange has more options.'

He asked her once what she thought of the Scholar who saved the district. She was quiet for a while. Then she said: 'I think they made the calculation correctly. I think the calculation was missing something important. I think they'll spend the rest of their life trying to figure out what it was.'

She didn't say that was a bad thing.

Your calculation was correct. You will spend the rest of your career wondering what correct means.

**[ENDING: THE PERFECT CALCULATION]**

*The Scholar's interpretation of Red Harrow: 'It wasn't a miracle. It was minimized loss.'*",,,c_epi_cea,Return to the start.,,navigate:start,,,,,,,,,,,,,,,,,,,,,,,,,,
ending_radical_route,narrative,"You sprint to the material conduit junction—the access point where the district's redirected fuel flows upward toward the transit rail. Seven months of documentation and three hours of investigation have told you exactly where it runs and exactly how to reach it.

You draw a reversal circle around the junction using your chalk—custom work, fast and precise. This is Level 5 systems alchemy, the outer edge of your training, and you know it. The chalk blazes as you run your last fuel block through it, force-reversing the flow: the accumulated structural reserves in the transit rail's fuel systems begin moving backward, down through the conduit, into the seawall's empty fuel chambers.

The wall shudders as fuel floods the dormant chambers. The maintenance circles snap awake, one by one, as their reserves recover. The structural groaning quiets. The fracture propagation slows, stops, begins to reverse.

The seawall holds.

In the upper city, the transit rail loses power. The emergency braking systems engage across the elevated network. On two of the steeper sections, they engage a moment too late.

You can't hear it from here. The bay is already calmer.

You sit at the base of the seawall and watch the water. It is no longer trying to come in.",,adjust_state_chaos:30|adjust_stability:25,c_radical_end,Watch the seawall stabilize.,,navigate:epilogue_radical,,,,,,,,,,,,,,,,,,,,,,,,,,
epilogue_radical,ending,"By noon, the full picture has emerged. The transit rail incident killed two hundred and twelve people. Two elevated cars failed on the Highpoint loop. The economic damage to the upper city is enormous. The political damage to the CEA is larger.

The lower docks of Karet Bay are intact. Not one resident lost.

The CEA declares you a fugitive. The Measured Scholars suspend your credentials pending investigation. Warrants are issued across three districts. But Kaelen's crew—dock workers who know every hidden passage in the waterfront—move you to a Freehands safehouse before the enforcers reach the district. They do this without being asked.

Elara finds you there. She doesn't offer comfort. She offers clarity.

'You redistributed the cost,' she says. 'The CEA assigned Karet Bay's cost to Karet Bay without asking. You took that cost and moved it to the people who made the assignment.' She pauses. 'Two hundred and twelve people died, and none of them were Toris, or the officers who signed the reallocation order, or the developers who profited from the transit rail.'

'I know.'

'I'm not saying what you did was right. I'm saying the math was never going to be clean.' She looks at you steadily. 'The question was always: who decides where the cost falls? You decided. For once, it didn't fall here.'

You sit with that for a long time.

The district holds together. Word spreads through the lower districts—the Scholar who turned the river uphill. The Freehands grow bolder. Workers organize. The CEA, facing public evidence of the material redirection and its consequences, agrees to a formal review. Toris is reassigned.

You are still a fugitive. You find that you are able to live with this.

**[ENDING: THE RIVER RUNS UPHILL]**

*For the first time in Karet Bay's history, someone asked: why do the same people always pay? And paid the cost of asking.*",,,c_epi_radical,Return to the start.,,navigate:start,,,,,,,,,,,,,,,,,,,,,,,,,,
ending_sacrifice_route,narrative,"You press your hands against the seawall and open yourself to it.

The theory is sound. Under extreme conditions, an alchemist can serve as a living fuel source—using their own biological energy as a catalyst to sustain dormant circles when no external fuel remains. The body becomes the fuel chamber. The maintenance circles draw from you directly.

The few records of this describe it clinically. You have read those records. The clinical language does not fully prepare you.

The wall's maintenance circles connect through your palms and begin to draw. The toxic chemical compounds in the fuel chambers flow through the connection—your body is processing them as catalyst, filtering the useful energy from the contaminated material, feeding it back into the circles. It works. The physics are correct.

The physical cost is not clinical.

Your hands begin to change—the skin darkening, hardening, taking on a crystalline texture where the compounds are being processed and deposited. Something adjusts in your spine. Your nervous system registers the overload as pain, then more pain, then something past pain that doesn't have a name.

You hold. Because the math says: thirty minutes to tide peak. If you hold for thirty minutes, the surge passes, and the wall holds with it.

Behind you, in the dark streets, someone has found you. Then someone else. Kaelen's crew—dock workers who know this waterfront in the dark—begin organizing. Elara's Freehands network moves through the district. Evacuation routes, just in case. They saw you running. They followed. They don't know what you're doing but they can see that you're holding something.

They've been holding this district together for two years. One more night.",,adjust_energy:-100|adjust_community_cost:-20|adjust_stability:15,c_sacrifice_end,Open your eyes.,,navigate:epilogue_sacrifice,,,,,,,,,,,,,,,,,,,,,,,,,,
epilogue_sacrifice,ending,"You wake in Elara's basement workshop. Your hands are the first thing you see. They are wrong.

The skin is mottled—patches of dark, crystalline growth interspersed with raw tissue. Your fingers bend correctly but feel different, as though the bones have been rebuilt from a slightly different material. They have, in a sense.

You sit up. Moving hurts. Elara is sitting across from you, watching with an expression that has given up trying to hide what it is.

'You're alive,' she says. 'The wall held through the surge. The whole district got out in time—Kaelen's crew started the evacuation when they found you at the wall. Everyone who needed to be somewhere else, was somewhere else.' A pause. 'The CEA is sending emergency repair teams. Apparently a seawall crisis is difficult to reclassify as within acceptable parameters when six thousand people watched it happen and have been telling that story since dawn.'

She pauses again. 'You're distorted, Vael. What you filtered through yourself—the chemical compounds, the seven months of accumulated toxic cost—it changed you. Permanently. The district physician has looked at your hands. She says the crystallization is stable. She says a lot of other things too, in clinical language.'

You look at your hands. The crystalline patches catch the light.

They're not beautiful. They're the visible record of a choice to pay a debt yourself instead of assigning it elsewhere. This is what it looks like, when the exchange is honest and the cost is yours.

In the weeks that follow, the CEA cannot ignore Karet Bay anymore. Evidence of the material redirection becomes public record. Overseer Toris is reassigned. The transit rail review begins. The district's material allocation is restored.

You don't return to the Scholar's Quarter. The Measured Scholars don't know what to do with a colleague whose hands are a demonstration that calculations have physical weight.

You stay in Karet Bay. Elara teaches you practical alchemy—built on direct relationship with materials, not just analysis of them. Kaelen's crew treats you as one of their own. Dima asks you, once, if it hurt. You say yes. He thinks about this for a while. Then he asks: 'Was it worth it?' You say: 'I don't know yet. Ask me in ten years.'

He writes that down.

Your hands are changed. But when you press those crystalline palms against a failing wall or a fractured pipe or a joint that needs honest work, the energy flows clean.

The cost was real. The cost was yours. In a world where someone always pays—choosing to pay yourself is not the only form of courage. But it is the most honest one.

**[ENDING: THE COSTLY GOOD DEED]**

*'This position will not hold. If I leave, it fails now. If I stay, it fails later. Later is enough.'*",,,c_epi_sacrifice,Return to the start.,,navigate:start,,,,,,,,,,,,,,,,,,,,,,,,,,
death_oversleep,narrative,"You roll over and pull the thin blanket over your head. The anomaly has waited this long. It can wait another hour.

You wake to the sound of Mireth's voice directly above you, which is somewhat like waking to the sound of a glacier expressing disappointment.

'Vael. The crane you were assigned to investigate collapsed at noon. Three workers injured. The CEA is demanding answers. I sent you seven hours ago.'

She pauses. She has a talent for pauses that contain entire essays.

'You were asleep.'

'I was—'

'Asleep. While infrastructure failed and people were hurt. Because you decided your bed had higher priority than your assignment.'

She sets a document on your chest. It is a formal notice of dismissal from the Measured Scholars. Effective immediately. You are to vacate the dormitory by evening.

You stare at the ceiling. The cracks are still there, mapped in your memory. You'll have plenty of time to memorize new ones wherever you end up. The anomaly, it turns out, could not wait.

**[GAME OVER — THE SNOOZE BUTTON OF DESTINY]**",,,c_death_sleep,Restart.,,navigate:start,,,,,,,,,,,,,,,,,,,,,,,,,,
death_window,narrative,"You lean further out the narrow window for a better view of the lower docks. The morning air is bracing. The view is spectacular. The windowsill, it turns out, has been quietly degrading for years due to the same ambient maintenance failures affecting all structures in the Scholar's Quarter's cheaper annexes.

The stone crumbles under your weight with the gentle finality of a metaphor.

You have approximately two and a half seconds of freefall to appreciate the irony: a Measured Scholar undone by a structural failure they didn't measure. Your ledger flutters open beside you in the wind, pages catching the light like the world's most tragically earnest butterfly.

The groundskeeper later files a report describing the incident as 'unscheduled rapid vertical transit.' The Measured Scholars add 'window maintenance inspection' to their quarterly checklist. Mireth stares at the checklist for a long time before signing it.

**[GAME OVER — GRAVITY: THE ORIGINAL EXCHANGE]**",,,c_death_window,Restart.,,navigate:start,,,,,,,,,,,,,,,,,,,,,,,,,,
death_bluff_crew,narrative,"You hold up your CEA authorization seal and adopt your most commanding voice.

'By the authority vested in me by the Coordinated Exchange Authority, I order this crew to cease all operations immediately! Anyone who resists will be noted for obstruction of an official investigation!'

There is a brief silence. Kaelen blinks. His crew blinks. The boy with the wrench blinks.

Then six dock workers who have spent their entire adult lives hauling three-ton ore crates—six people with forearms thicker than your thighs and the collective patience of people who have been having a bad year—take one slow, unified step forward.

'Scholar,' Kaelen says, with something approaching genuine regret, 'you just threatened the livelihoods of six people who bench-press your body weight for warm-up. In a district where the nearest CEA enforcer is forty minutes away.'

What follows is less a beating and more a brief, unanimous editorial on the limits of institutional authority. The boy with the wrench just watches. He's learning something, but not what you intended him to learn.

You wake up two hours later in a drainage ditch. Your ledger is gone. Your chalk is gone. Your authorization seal has been taken, presumably as a trophy. You are alive, which is more than the mathematics of the situation necessarily required.

**[GAME OVER — AUTHORITY IS A SOCIAL CONSTRUCT]**",,,c_death_crew,Restart.,,navigate:start,,,,,,,,,,,,,,,,,,,,,,,,,,
death_touch_warn,narrative,"Kaelen's hand closes on your wrist before your fingers cross the chalk. 'Don't,' he says quietly—too quietly for theater, loud enough for the crew. 'That's live reinforcement. Discharge follows the path of least resistance. Right now that's shaped like a Scholar with wet palms and a guilty conscience. My people use gloves. Grounded tools. You have a plate—use it without inventing new data points.'

You can step back into what you already measured. You can ask him to prove the reading another way. Or you can finish the thought your body started before your ethics caught up.",,,c_dtw_1,Step back. The plate already told you enough.,,navigate:kaelen_shows,,c_dtw_2,Ask for a grounded demonstration—no skin contact.,,navigate:kaelen_shows,,c_dtw_3,Touch the line anyway. One fingertip. For the ledger.,,navigate:death_touch_mod,,,,,,,,,,,,,,,,
death_touch_mod,narrative,"You already had the warning. Your scholarly curiosity still gets the better of your scholarly self-preservation. You reach out and touch the active reinforcement circle with your bare finger.

In your defense, you have handled alchemical circle work before. In the laboratory. Under controlled conditions. With proper equipment. None of those qualifiers apply here.

The circle discharges directly into your hand. Every muscle in your body contracts simultaneously. You experience a moment of crystalline clarity in which you understand, with perfect mathematical precision, exactly how much activation energy is currently moving through your nervous system and exactly how much your nervous system was designed to handle. The ratio is deeply unfavorable.

Kaelen drags your twitching body away from the crane. Your hair is standing on end. Your ledger has somehow caught fire. One of your boots is on the wrong foot, a mystery that will never be solved.

'I told you not to touch it,' Kaelen says, though you cannot hear him because your ears are producing a frequency that your own calculations would describe as structurally inadvisable.

The district physician gives you the same look she apparently has ready for visiting Scholars.

**[GAME OVER — PEER REVIEW (IMMEDIATE)]**",,,c_death_touch,Restart.,,navigate:start,,,,,,,,,,,,,,,,,,,,,,,,,,
death_dark_alley,narrative,"The basement entrance is right there, but the alley to the left offers a shorter approach. You know this because it's on the district map. What the map does not indicate—because maps are generally disinterested in such details—is that the alley serves as the established territory of a feral cat colony.

Not ordinary cats. Karet Bay cats. Cats that have been subsisting in a fuel-depleted district for over a year and have responded by becoming larger, more strategic, and possessed of an unsettling collective sense of grievance.

You are halfway through the alley when twenty-seven pairs of luminous eyes open in the darkness. The alpha cat—a scarred, one-eared animal the size of a small dog—drops from a fire escape onto your shoulder with the precision of a trained operative.

What follows is, by objective measure, the most one-sided conflict in Karet Bay's recorded history. The cats don't want your food. They don't want your ledger. They want to make a specific point about territorial sovereignty and what happens when Scholars fail to read maps properly.

You emerge forty minutes later, shredded, comprehensively humbled, and missing your authorization seal. The alpha cat appears to have taken it. You suspect you have been issued a citation.

**[GAME OVER — THE FERAL EXCHANGE]**",,,c_death_alley,Restart.,,navigate:start,,,,,,,,,,,,,,,,,,,,,,,,,,
death_drink_water,narrative,"'May I?' you ask, gesturing to the purifier's output tap. Elara shrugs.

The water comes out clear. It smells clean. You take a sip.

Here is what Elara's purifier does: it removes chemical contaminants from the district's water supply and displaces them elsewhere. What it does not do is remove the trace alchemical flux that leaches into the water from the active circle work itself. For the residents of Karet Bay—who have spent their lives building tolerance to ambient alchemical conditions—this trace flux is a nonissue.

For a Scholar who has spent their entire career in a hermetically maintained dormitory, it is a very significant issue.

Your digestive system stages an immediate and emphatic protest. It is not subtle about this. Elara watches you turn three colors she was not aware humans could access.

'You're not from around here,' she observes.

The district physician later describes it as 'a notable response to localized alchemical flux.' This is clinical language for: you spent the next four hours regretting a sip of water. The investigation does not progress in this time.

**[GAME OVER — LOCAL WATER FOR LOCAL PEOPLE]**",,,c_death_water,Restart.,,navigate:start,,,,,,,,,,,,,,,,,,,,,,,,,,
death_flip_desk,narrative,"Something inside you snaps. Possibly it's the incense. Possibly it's the smooth hands. Possibly it's the word 'acceptable' applied to nine hundred human lives by a man sitting in a chair that costs more than a dock worker earns in a year.

You grab the edge of Toris's mahogany desk and flip it.

It is, you discover mid-flip, an extraordinarily heavy desk. The physics require full commitment. Your back makes a sound that spines are not designed to make. The desk goes over anyway, because you have committed.

Toris's inkwell, schematics, documents, incense burner, and a small crystal paperweight all achieve independent flight. The inkwell lands on his immaculate shirt. The incense sets fire to the nearest schematic. The paperweight exits through the window at speed.

Toris looks at you. You look at Toris.

'Guards,' Toris says, with the precise calm of a man who has apparently prepared for this possibility.

The guards are very large. They do not ask questions. You are removed from the building and placed in the district holding facility, where you will have several hours to calculate exactly how many years of professional credibility you have exchanged for three seconds of catharsis.

In retrospect: extremely poor exchange rate.

**[GAME OVER — FLIPPING THE TABLE ON DIPLOMACY]**",,,c_death_desk,Restart.,,navigate:start,,,,,,,,,,,,,,,,,,,,,,,,,,
death_punch_wall,narrative,"Rational thought has abandoned you. Six thousand people are facing catastrophe because of a convergence of failures that nobody saw coming, you are standing at the epicenter of it with depleted fuel reserves and no plan, and something in you has given up on calculation entirely.

So you punch the seawall.

You put your full body weight behind it—all one hundred and forty pounds of sleep-deprived, fuel-depleted Scholar, fist against three meters of reinforced stone and iron.

Two things happen simultaneously. First, you break four bones in your hand. The pain is extraordinary and immediate. Second, and more consequentially, the impact sends a percussive shockwave through the wall's already critically stressed foundation, which has been waiting for exactly this kind of activation. The micro-fractures that your earlier assessment described as 'propagating at an alarming rate' receive precisely the energy they needed to complete their work.

The section of wall directly in front of you gives way with the resigned certainty of something that has been trying to hold on and has finally been given permission to stop.

Your last clearly formed thought is a calculation: the mass of incoming water versus the structural resistance of one human body. The math is not in your favor.

In your field notes, the entry for Crane Seven remains unfinished. Mireth reads it three times before filing it.

**[GAME OVER — THE SCHOLAR'S FIST]**",,,c_death_punch,Restart.,,navigate:start,,,,,,,,,,,,,,,,,,,,,,,,,,
dima_notebook,narrative,"You hesitate. Dima has been writing the whole time—not pretending to write, actually writing, with the focused efficiency of someone who has been doing this for a long time.

You lean over slightly. The handwriting is careful and small, the kind developed when paper costs something. Sketches fill the margins—crane joint diagrams, drainage maps, structural stress patterns that any first-year Scholar would recognize. Labeled in a neat hand: 'crane seven joint stress 3wks ago,' 'substation 2 — reading wrong,' 'where does the fuel go?'

You are looking at seven months of district-level field notes kept by a fifteen-year-old dock worker with a borrowed pencil.

'You've been documenting the infrastructure failures,' you say. It comes out sounding more like an accusation than you intended.

Dima glances at the notebook. Then at you. 'I didn't know what else to do with the information. Nobody official was doing anything with it.' A pause. 'My dad said the first step to fixing something is knowing exactly what's wrong.'

He flips to a page near the back. A hand-drawn map of the lower district, annotated with arrows and question marks. At the bottom of the map, circled three times: a building location. The circle has a note beside it: '????? music???? alchemy???? both????'

'What's this?' you ask.

'That's the thing I haven't figured out,' Dima says. 'Some nights I can hear something from that building. Sounds like singing. But there's also alchemical runoff in the drain gutter beside it—Tier 1 emissions, weird patterns, nothing that matches any standard operation.' He pauses. 'I was going to investigate but the foreman said to mind my own business. He says that about most things. He's not always right.'

He looks at you. 'You're a Scholar. You have instruments. You're supposed to figure out what things are.'",,,c_nb_1,Walk the circled block on the page.,has_flag:kaelen_crane_assessed,navigate:notebook_map,,c_nb_2,File the scrap for later and stay with the district thread.,has_flag:kaelen_crane_assessed,navigate:freehands_contact,,c_nb_3,Close the notebook for now. Your authorization still says Crane Seven—speak with the foreman on the apron first.,not_has_flag:kaelen_crane_assessed,navigate:meet_kaelen,,,,,,,,,,,,,,,,
notebook_map,narrative,"The building is three streets south, in a part of the lower district that doesn't appear in any recent administrative record—which means it either doesn't exist officially or exists under a classification that nobody has updated in at least twenty years. Both options are entirely plausible for Karet Bay.

You find it without difficulty. A three-story structure of old stone, windows bricked over on the upper floors, a cellar entrance that would look completely unremarkable except for two things:

First: you can hear music. Not faint music. Actual music, punctuated by what sounds like enthusiastic applause from an audience that has not calibrated its enthusiasm to the acoustic properties of a stone basement.

Second: your diagnostic plate is registering alchemical emissions from inside. Level 2 reinforcement energy, with trace indicators of flow manipulation and what appears to be—you check this three times—drainage reconfiguration. Someone is performing fairly sophisticated structural alchemy in what appears to be a cultural venue.

These are not activities that typically co-occur.

You look at the cellar door. It has a sign on it. The sign has been painted with some care and reads: TONIGHT — 'THE ACCEPTABLE LOSS REVUE' — KARET BAY AMATEUR THEATRICAL SOCIETY — ADMISSION: ONE FUEL BLOCK OR ONE HONEST CONVERSATION.

Your diagnostic plate is still going. The readings are getting more interesting the longer you stand here.

The door is slightly ajar. Someone has left a playbill in the gap.",,,c_map_1,Step through. The circled block on your notes matches this doorway.,not_has_flag:declined_theater_chronicler_path|has_flag:fiction_day_2,navigate:theater_alley_approach,,c_map_2,Continue past—your briefing was the crane and the wall.,,navigate:freehands_contact,set_flag:declined_theater_chronicler_path:true,,,,,,,,,,,,,,,,,,,,
theater_alley_approach,narrative,"You take the playbill.

TONIGHT: THE ACCEPTABLE LOSS REVUE
A SATIRICAL OPERETTA IN TWO ACTS AND ONE INTERMISSION

PERFORMED BY: THE KARET BAY AMATEUR THEATRICAL SOCIETY
'SINCE YEAR 81 — WE HAVE ALWAYS BEEN HERE AND WE ALWAYS WILL BE'

PROGRAMME NOTES:
- All performances are works of COMPLETE FICTION
- Any resemblance to real infrastructure, real administrative decisions, or real quantified human costs is purely coincidental
- Please silence diagnostic instruments during the show
- Unauthorized official field assessments will be met with theatrical improvisation

You look at the last line for a long time. Then you look at your diagnostic plate, which is currently registering the kind of alchemical output that you would normally file a priority report about.

You go inside.

The stairs descend into a basement that has been transformed into a proper theater with approximately forty seats, actual curtains (alchemically hemmed, your instruments confirm), stage lighting achieved through what appears to be a series of modified fuel chamber arrays, and an audience of roughly thirty dock workers, market vendors, and neighborhood residents who all look at you with the particular expression of people who are deeply unsurprised that a Scholar has just walked in.

A woman with chalk dust on her hands and the general bearing of someone who has been running this institution for years appears at your elbow.

'Ah,' she says. 'Right on time. We're just about to start Act One. You'll want to sit down. The second act is particularly relevant to your current assignment.'",,,c_theater_1,Sit down. You have questions. But they can wait for Act One.,,theater_begin:theater_revelation,,,,,,,,,,,,,,,,,,,,,,,,,,
theater_revelation,narrative,"You emerge from the basement with your field ledger open and your instruments giving readings you are going to have to explain very carefully when you get back to the Scholar's Quarter.

Petra—the director, whose last name turns out to be Voss, who has been running the Karet Bay Amateur Theatrical Society for six years—is standing at the top of the stairs with her arms crossed and the expression of someone who has just watched a Scholar process an extremely unusual experience.

'Well,' she says.

'You have been performing alchemical reinforcement on the district's seawall infrastructure for four months,' you say. 'As a theatrical byproduct.'

'I have been performing structural art,' she says. 'The structural integrity of the wall is a side effect.'

'The drainage reconfiguration in your stage floor. The reinforcement circle embedded in your practice set. The fuel chamber arrays you've been feeding into the—'

'Art,' she says.

'The readings from the wall's north foundation show a measurably higher integrity coefficient than your parameters should have allowed for at this point in the—'

'Art,' she says again, but this time a small smile has appeared. 'Functional art. Art that holds things together while the people who are supposed to hold things together are busy filing requisitions.'

You look at your instruments. The seawall's north section is in better condition than your earlier assessment indicated. Not good condition—still failing, still urgent, still a crisis tightening across days rather than giving you seasons to argue. But the section nearest the theater's drainage output has about twelve percent more structural reserves than your model predicted. Twelve percent. Not enough. But something.

'I should file a formal assessment of this,' you say.

'I know,' says Petra. 'You should probably also mention that thirty people have been watching a satirical play about the situation every week for four months and nobody in an official capacity showed up until now. That seems like relevant data.'

She hands you a second playbill. Dima's map is on the back. She's already written her drainage circle design in the margin.

'You know Dima,' you say.

'He drew the map,' she says. 'He's been our audience data analyst. Very thorough kid.'",,add_item:seawall_analysis:1,c_rev_theater_1,Leave with the analysis. Get to the actual seawall.,,navigate:race_to_seawall,set_flag:declined_theater_chronicler_path:true,c_rev_theater_2,Ask Petra one more question first.,,navigate:theater_exit,set_flag:declined_theater_chronicler_path:true,c_rev_theater_3,Remain in the basement with Petra and Dima.,world_check:communityCost:>=:45|has_flag:fiction_day_2|reputation_check:freehandsRep:>=:25|has_flag:brin_met|not_has_flag:declined_theater_chronicler_path,navigate:chronicler_commitment,,c_rev_theater_4,This is unauthorized alchemical activity. Shut it down.,,navigate:death_petra_arrested,,c_rev_theater_5,Ask if the troupe needs a writer for Act III.,,navigate:death_join_troupe,,,,,,
theater_exit,narrative,"'Have you been aware,' you ask, 'that your drainage modifications have been partially offsetting the toxic compound buildup in the seawall's fuel chambers?'

Petra considers this with the focus of someone absorbing a calculation.

'No,' she says. 'We just noticed the wall smelled better. We thought that was the incense.'

'It was the chemistry.'

'Some things are both.'

You stand at the top of the stairs in the late afternoon light. Behind you, the theater is already filling for the evening house—you can hear Dima explaining the playbill annotations to someone, hear the stage crew testing the modified fuel array lights, hear what sounds suspiciously like an argument about whether the Toris character's hat reads as too literal for satire or too thin to land.

'You should file a counter-report,' you say. 'Against Toris. Formally. With evidence. You've been documenting this longer than I have.'

'I know.' She looks at the street. 'I'm waiting until the run ends. Bad luck to open a bureaucratic dispute mid-production.' A pause. 'Also I wanted to see how it ends.'

You look at the seawall in the distance. You think about endings. About the difference between writing them and living them.

'The wall doesn't care about curtain times,' you say. 'Whatever happens next, it happens on a short clock—district time, not stage time.'

She nods once, with the gravity of someone accepting a stage direction. 'Then we'll have our best material by morning.'

You leave at a run.",,adjust_community_cost:-10,c_exit_theater,Get to the seawall. Now.,,navigate:race_to_seawall,,,,,,,,,,,,,,,,,,,,,,,,,,
chronicler_commitment,narrative,"You stay. Behind you, Petra is already shifting chairs for the next rehearsal block, the sound like dry punctuation against stone. Dima sits at a low table with his notebook and a candle-stub, watching you with the careful attention of someone who has been waiting to see what you would do.

The seawall is failing. The district will pay for that failure on a timeline you cannot unwrite—but you were never the only person who mattered here.

You sit down across from Dima. 'Show me what you've written. We finish the record while the margin still exists.'

He opens the notebook. The first page is titled: *Karet Bay, Volume Four — Redirection Ledger.*

Beneath it: everything.",,,c_chron_1,Work through the night to complete the district chronicle.,,navigate:doc_planning,set_flag:chose_chronicler:true|adjust_community_cost:-20|adjust_state_chaos:15,c_chron_2,Race to the seawall — you can still make it.,,navigate:race_to_seawall,set_flag:declined_theater_chronicler_path:true,,,,,,,,,,,,,,,,,,,,
death_petra_arrested,narrative,"The instinct overwhelms you mid-applause. You stand up.

'STOP,' you announce, in the voice you have been practicing for situations exactly like this one. 'This performance constitutes unauthorized alchemical activity within a residential zone. Under CEA assessment protocols, I am placing the organizer of this activity under—'

The theater is very quiet.

Thirty dock workers, market vendors, and neighborhood residents look at you. Then at each other.

Then the entire cast, still in costume, walks off the stage in a body and sits down in the audience seats. Petra walks to your chair, sits down in it, and opens your field ledger to a blank page.

'Counterpoint,' she says. 'You walked into a free community performance and declared yourself an authority figure. In Karet Bay. While half the district is still trading gossip about Toris and the crane.' She looks at the audience. 'Show of hands: who thinks the Scholar should apologize and sit back down?'

Every hand goes up.

'Show of hands: who thinks the Scholar should be escorted out, gently, before they embarrass themselves further?'

Every hand goes up again.

'The audience has voted,' Petra says, in the tone of someone whose production values are, apparently, impeccable even when off-script.

What follows is less an arrest and more a collective theatrical experience in which you are very politely escorted to the cellar stairs by cast members who manage to make even this feel like choreography. Dima is at the top of the stairs when you emerge. He's writing something in his notebook. He shows it to you before you go.

It says: 'the Scholar tried to arrest the play. This is also information about what happens when you try to enforce authority without understanding cost.'

You don't have a response to that. You walk back to the Scholar's Quarter. The seawall doesn't wait.

**[GAME OVER — THE SCHOLAR MISSED THE POINT, AND ALSO THE ENDING]**",,,c_death_petra,Restart.,,navigate:start,,,,,,,,,,,,,,,,,,,,,,,,,,
death_join_troupe,narrative,"'Wait,' you say.

Petra turns. The cast looks at you with the identical expression of people who have learned to take unexpected developments in stride.

'Do you need someone for Act III?' you ask. 'I don't know if you have an Act III. But if you do—I've only been in this district a few days and I've accumulated substantially more material than most of your scripts seem to contain, and I'm a very precise annotator.'

'We don't have an Act III,' Petra says.

'I could write one,' you say.

The seawall is failing. Six thousand people are at risk. You have instruments. You have training. You have one Tier 2 fuel block and a reinforcement plate and the calculations that Mireth sent you here to complete.

You understand, in this moment, that none of that is currently as compelling to you as the idea of sitting in this theater and writing the ending of a play about the stretch you've just lived through.

'It would take maybe three performances to get it right,' you say.

Petra watches you for a long moment. Then she pulls a chair to the front of the stage and sits down across from you.

'The lead character,' she says, 'is a Scholar who walks into a district, sees everything that's wrong, has all the information needed to act, and then stays at the theater to write a play about it instead.'

'That's not quite—' you start.

'That's exactly it,' she says. 'That's always been the fourth act. We just never had a Scholar show up to play it.'

You sit down.

The seawall fails before dawn. The district floods. You survive. So does the theater—Dima had the presence of mind, in the chaos, to drag your diagnostic plates and fuel blocks to the upper story. When the waters recede, you are still there. You write the play. It is very accurate. You perform it 47 times. Eventually, someone in the audience knows someone on the Revolutionary Council. A formal investigation of Toris begins.

It takes three years. The play is more efficient.

You are no longer a Scholar. You're something else. You're not sure the title has been invented yet.

**[GAME OVER — THE ACCEPTABLE LOSS: A LIFE IN THEATRE]**

*(This is technically also an ending. Mireth would like a word with you.)*",,,c_death_troupe,Restart.,,navigate:start,,,,,,,,,,,,,,,,,,,,,,,,,,
kaelen_father_moment,narrative,"Kaelen's hands go still on the crane's base section. He's looking at a particular junction—the join between the original construction and the later extension. His finger traces a circle carved into the stone.

'My father did this section,' he says. It's the most quiet you've heard him.

You look at the circle. It's a standard Tier 2 reinforcement design—efficient, clean, the kind of work that suggests someone who had absorbed their specialization deeply enough that they stopped thinking about the technique and started thinking only about the material. The circle is decades old. It still reads as structurally active on your instruments.

'He worked the seawall construction crew. The original build—not the extensions. He said it was the most important work he ever did because it would outlast him by a hundred years if they did it right.' Kaelen pauses. 'They did it right.'

'When did he—'

'Going on ten years. Routine wall work—a maintenance lift on his crane crew; the rigging gave. The official file still stamps operator fault.' He says it the way people say things they have said many times—without bitterness, just with the particular flatness of a fact that has been carried for long enough to become part of the landscape. 'He would have taken one look at what's happening to this district and he would have known exactly where to start.' A pause. 'He would also have known exactly who to blame.'

You look at the circle again. Then at your instruments. The circle is still active because it was done with Tier 2 materials and genuine expertise. It has been maintaining itself—slowly, quietly, doing exactly what it was designed to do—for thirty years. Around it, the hastily-added Tier 0 patches are already beginning to fail.

You think: the people who built things well are not here to defend what they built. The people who degraded the materials aren't here either. What's here is the building.

'He did good work,' you say.

Kaelen looks at you. 'Yes,' he says. 'He did.'",,set_flag:heard_father_story:true|set_flag:kaelen_personal_story_heard:true,c_kf_1,Return to the crane assessment.,,navigate:post_crane_pattern,,,,,,,,,,,,,,,,,,,,,,,,,,
authority_overplay_1,narrative,"Wind off the water snatches at your sleeve. Your plates remember the crane. Your notes remember the district—circles starved, walls whispering strain, redirection signatures pointing the same direction every time you look. You thumb your Scholar seal and your field ledger open and start drafting a formal escalation to the CEA Regional Authority: urgent priority, preliminary evidence, recommendation to freeze transit-rail allocation and open Overseer Toris.

Halfway through the authorization codes you stop typing.

The crane is documented. The pattern in the streets is real. The redirection, though—you have Kaelen's word, worker testimony, instrument readings that *suggest* without yet *proving*. A full CEA escalation wants a chain of causation on paper. Without substation orders or a finished seawall assessment, you have a strong case and not yet a closed one.

File now and the machinery wakes: routing, review, someone upstream notified while your file is still half-empty. Paperwork can outrun a person carrying plates.

Your ledger stays open. The escalation sits half-written.

The choice is: file now and trust the process, or gather more evidence first.",,adjust_cea_rep:-10|adjust_scholar_rep:-5,c_ao_1_wait,Close the ledger. Gather full documentation first. Then escalate.,,navigate:post_crane_pattern,,c_ao_1_file,File the partial escalation. The situation is urgent enough to justify it.,,navigate:authority_overplay_2,,,,,,,,,,,,,,,,,,,,,
authority_overplay_2,narrative,"You submit the escalation through your Scholar authorization portal. Priority: urgent. Status: preliminary assessment with pending full documentation.

The CEA's administrative system confirms receipt. A case number is generated. The case is routed to the Infrastructure Dispute Review division.

Two hours later, you receive a formal response from Overseer Toris's administrative office.

The response notes that you have submitted a 'preliminary and incomplete' assessment with 'insufficient documentation to support the requested authorization review.' It further notes that Measured Scholar assessments require either a full assessment report or a direct supervisor cosignature to trigger authority-level review. It further notes—with the particular precision of a document written by someone who has handled Scholars before—that 'submission of incomplete reports may be noted in the Scholar's field record as indicative of insufficient field judgment.'

At the bottom of the document: your field authorization has been 'temporarily suspended pending consultation with your Senior Scholar,' and you are advised to 'return to the Scholar Quarter and await assignment review.'

You look at the document. You look at the district around you. You look at your instruments, which are still showing the readings that the CEA has just formally declined to act on.

Your field writ is in procedural abeyance. The pavement under your boots and the readings on your plates are not.

Mireth is going to have a remarkable amount to say about this.

Exit opportunity: you could contact Mireth directly and explain the situation before the consultation review begins. Or you could go back and gather the documentation that would have made this unnecessary.",,set_flag:authority_escalation_filed:true|adjust_cea_rep:-10,c_ao_2_mireth,Contact Mireth immediately. Explain everything. Request emergency cosign.,,navigate:seek_answers,,c_ao_2_accept,There is nothing to be done now but return and face the review.,,navigate:death_authorization_revoked,,,,,,,,,,,,,,,,,,,,,
death_authorization_revoked,narrative,"You return to the Scholar Quarter.

Mireth is waiting. She has the suspension notice in her hand. She is looking at it the way she looks at calculations that fail to account for human behavior—not with surprise, but with the particular disappointment of someone watching a prediction come true.

'Walk me through the decision,' she says.

You do. She listens without interrupting. When you finish, she sets the notice down.

'You had an urgent situation. You had preliminary evidence. You escalated before the evidence was complete.' She is quiet for a moment. 'By the time the authorization review committee meets—assuming they expedite it, which they will not—the situation you were trying to report will have resolved itself. In one direction or another.'

'The seawall—'

'I know.' She picks up her pen. 'I am going to cosign a new authorization right now and personally walk it to the Infrastructure Director. We may still catch it.' She writes quickly. 'But your field authorization is suspended until I complete a supervisory review. You're not returning to Karet Bay today.'

She hands you the new authorization form for delivery. Then she looks at you with the expression of someone who chose her words very carefully this morning and is wondering if they were the right ones.

'Good work,' she says, 'is not the same as right work.'

A pause. 'In this case, you did neither.'

The authorization reaches the Infrastructure Director at 1900 hours. The seawall assessment is formally prioritized at 0200. The surge hits at 0330. The response teams are assembled by 0500. By then, the lower docks have been underwater for two hours.

You file a full report. It is accurate, complete, and too late. It references the suspended authorization. The review committee finds your field judgment 'developmentally concerning but improvable.' You are assigned a mentor. The mentor is Mireth.

She never mentions it again.

**[GAME OVER — THE CORRECT PROCESS, INCORRECTLY TIMED]**",,,c_ao_death,Restart.,,navigate:start,,,,,,,,,,,,,,,,,,,,,,,,,,
mireth_field_visit,narrative,"She's standing at the base of the Drowning of Karet Bay plaque when you see her. Not examining it—she has clearly read it before, many times—just standing near it with the stillness of someone who came here with a purpose and is taking a moment before completing it.

'Mireth,' you say.

'Vael.' She turns. She looks the same as she does in the Scholar Quarter, except that here she looks slightly wrong—the way someone's familiar face looks unexpected when you see them in a context that doesn't belong to them. 'Don't make that face. I do come to the field sometimes.'

'I've never seen you come to the field.'

'I come when I think it's necessary.' She looks at the plaque for a moment. 'I sent you here because you're good at the technical work. I came because I wanted to see what you were finding before you decided what to do with it.'

She has your briefing in her hand. She has clearly read it twice.

'Your assessment is accurate,' she says. 'The crane, the material redirection, the seawall projections—all sound.' A pause. 'You've also been talking to people.'

'That's part of field assessment.'

'Not the way you've been doing it.' She looks at you with the precision of someone who is being very careful about what she says next. 'There are three previous assessments of this district in our files. Two of them have identical recommendations: continue monitoring, flag for review, defer to Authority decision. The third one—mine, from nine years ago—says the same thing but with different wording.'

She is quiet for a moment.

'I sent three previous Scholars here. They all filed correct reports. They all recommended proper channels. They are all still waiting for the proper channels to respond.' She tucks the briefing under her arm. 'I wanted to see if you would do the same. I wanted to see if you would—' She stops. 'I am going to give you a piece of information that is not in any official document. You will not find it in your briefing materials or in your training or in nineteen years of my field reports, because I have never known how to file it.'

She looks at the plaque again.

'The Drowning of Karet Bay happened because good work was done correctly, thoroughly, and in compliance with every protocol—and nobody stopped to ask whether correct and good were the same thing that day.' A pause. 'I've been asking myself that question for nineteen years. I still don't have the answer.'

She hands you the briefing. 'Whatever you decide—decide it. Don't defer it. This district does not have time for deferred.'

She leaves the way she came, without looking back at the plaque.",,set_flag:mireth_warned:true,c_mfv_1,Continue your investigation with what she's given you.,not_has_flag:fiction_day_2,navigate:transition_end_day_one,,c_mfv_2,"Hold. Ask—quietly, like it embarrasses you—whether ""dock nonsense"" about scavengers and chalk by the decommissioned cistern annex ever showed up in her unofficial margins.",has_flag:saw_the_city|has_flag:pattern_discovered|has_item:district_map|has_flag:chose_mireth_plaque|not_has_flag:cat_whisper_heard|not_has_flag:fiction_day_2,navigate:transition_end_day_one,set_flag:cat_whisper_heard:true,c_mfv_3,Continue your investigation with what she's given you.,has_flag:fiction_day_2,navigate:track_disturbance,,c_mfv_4,"Hold. Ask—quietly, like it embarrasses you—whether ""dock nonsense"" about scavengers and chalk by the decommissioned cistern annex ever showed up in her unofficial margins.",has_flag:saw_the_city|has_flag:pattern_discovered|has_item:district_map|has_flag:chose_mireth_plaque|not_has_flag:cat_whisper_heard|has_flag:fiction_day_2,navigate:track_disturbance,set_flag:cat_whisper_heard:true,,,,,,,,,,
cat_colony_approach,narrative,"There is no internal memo K-B-11. You invented it on the spot because sounding like paperwork is the only camouflage your brain could find.

The cistern annex is what happens when civil engineering loses an argument with gravity and wins anyway out of spite. The floor is a lasagna of incompatible patches, each generation convinced *this* layer will be the adult in the room.

The walls wear chalk stripes—human load marks, until you notice the second alphabet: claw-grooves at knee height, grouped in threes and fives like a tally of sins only cats can count.

Your diagnostic plate makes a noise you have never heard it make before. It is the acoustic equivalent of ""I refuse.""

Ambient readings: near-zero district fuel, maximum attitude. Copper dust in the mortar as if someone has been buffing the building with pennies and resentment. Fish oil older than your ethics seminar. Fur. So much fur. The fur appears to be doing *governance*.

Eyes open in the dark. More eyes. The number is somewhere between ""enough"" and ""prime minister.""

You are not in the alley shortcut. You are in their lobby. There is no reception desk. There is a rock that is absolutely a reception desk if you value your ankles.",,,c_cat_ap_1,Enter like you're attending a budget hearing. (You are. You just don't know the currency.),,navigate:cat_colony_sigils,,c_cat_ap_2,Try the alley shortcut anyway. Surely mammals respect precedent.,,navigate:death_dark_alley,,c_cat_ap_3,Flee to professionalism. Knock on Elara's door like a person who has never invented a memo.,not_has_flag:purifier_basement_done,navigate:purifier_entrance_open,,,,,,,,,,,,,,,,
cat_colony_sigils,narrative,"You kneel with the solemnity of someone about to misfile reality.

Up close, the scratches resolve into notation that should not work but does: a spiral with a deliberate break at the seventh turn—drainage bleed-off grammar—married to vertical ticks that look like a ledger of meals, shipments, or vendettas. Possibly all three. Possibly the cats use the same column for all of them.

An orange tomcat with one ear and the moral authority of a dock foreman drops onto your knee without asking permission. Permission is a human concept. He is reviewing your soul.

You understand, with the clarity of a nightmare, that this colony has spent months performing *unauthorized structural grooming*: fur and oil and copper dust packed into stone grooves until the stone behaves slightly differently—just enough to nudge the nastiest seepage away from the worst crack, like a crowd parting for someone carrying hot soup.

It is a circle. It is also a hobby. It is also, technically, tax evasion if taxes are made of physics.

The tomcat stares at your chalk. You get the distinct impression he is waiting for you to embarrass yourself scientifically.",,,c_cat_sig_1,Try to document the phenomenon using dignified academic language.,,navigate:cat_colony_parley,,c_cat_sig_2,Bribe the legislature with dock fish. Democracy runs on salt.,,navigate:cat_colony_snack,,c_cat_sig_3,Announce a full census and assign each cat a provisional ledger line.,,navigate:death_cat_census,,,,,,,,,,,,,,,,
cat_colony_snack,narrative,"You unwrap dock rations. The fish is so salty it could serve as a Tier 0 desiccant in a pinch.

The orange tomcat performs a sniff so judgmental it should count as adversarial examination. Then—protocol collapses—he accepts tribute.

Other cats teleport in. You did not see them move. You are no longer sure they obey Euclidean rules. They arrange themselves around a flat stone that is obviously the Prime Minister of stones. Stains on it are older than the Republic.

For several minutes, the annex sounds like a wet percussion section. Nobody removes your face. You mark this as a diplomatic win in your ledger next to a question mark shaped like a cat.

The tomcat returns, tail high, and stamps your notes with his nose. Wet ink. Binding precedent.",,,c_cat_sn_1,"Initial the nose-print as """"witnessed.""""",,navigate:cat_colony_parley,,,,,,,,,,,,,,,,,,,,,,,,,,
cat_colony_parley,narrative,"You write: *Non-human maintenance behavior observed. Possible passive circle analog via organic deposition. Political status: unclear. Theological status: worse.*

The tomcat watches you write the word ""theological"" and seems offended on behalf of science.

You whisper to the assembly like a lunatic: 'There is a woman downstairs running clean water through actual alchemy. Your weird fur-math is nudging sludge so her intake doesn't drown in spite. I need to reach that door without becoming a folk tale.'

The cats do not clap. Cats do not clap. They *align*, which is clapping for people who think in conspiracy.

The orange tom walks toward the back of the annex like he is leading you to committee. You follow. You have followed worse directions today. Those directions had letterhead.

Ahead: a lintel, a hollow, and the distinct sensation that democracy is about to occur in a laundry pile.",,,c_cat_pl_1,Take your seat on the upturned bucket marked VISITOR (NON-VOTING).,,navigate:cat_colony_parliament_gate,,c_cat_pl_2,"Attempt to knight the tomcat under """"autonomous borough"""" precedent and present your seal.",,navigate:death_cat_coronation,,,,,,,,,,,,,,,,,,,,,
cat_colony_parliament_gate,narrative,"The chamber is socks and string and bottle caps and one brass CEA button that absolutely fell off someone's coat and absolutely became a religious object.

The orange tom knocks a cap off a crate. It rings like a gavel. Twelve cats and you achieve quorum, assuming ""quorum"" means ""enough glaring to bend light.""

A kitten tries to steal your fuel block. You negotiate it back with eye contact and shame.

This is not in your field manual. Your field manual is weeping in another room.

The Clerk of the Hairball—this is not a title you assigned; it is a title that *happened*—stares at you until you accept that you are about to sit through formal procedure.",,,c_cat_pg_1,Enter the Feral Parliament session.,,feral_parliament_begin:cat_colony_treaty,,,,,,,,,,,,,,,,,,,,,,,,,,
cat_colony_treaty,narrative,"When the parliament adjourns, reality rushes back in like a tide of paperwork that forgot to knock.

You are kneeling on wet stone with a strip of ration cloth, three fish scales, and a chalk spiral that is not activated but is definitely *sincere*. The tomcat nose-bumps each scale. Other cats witness by whisker. One abstains on grounds of being a sock.

You have signed something. You are not sure which jurisdiction it belongs to. You're fairly sure it's not Caldris. You're fairly sure it's older.

The colony escorts you through a gap labeled UNSAFE on the map. The map is correct: it is unsafe for dignity. It is very safe for ankles if you walk like you mean it.

Elara's door waits ahead, chalk binding humming like a polite threat.

You look back. Eyes gleam. Not judgment. *Onboarding.*

You have joined a parallel government whose cabinet meetings involve yarn.

It files no reports. It has better quorum than the Revolutionary Council.",,add_item:feral_accord:1|set_flag:cat_borough:true|adjust_community_cost:-5,c_cat_tr_1,Knock on the basement door. Pretend you didn't just pass a bill.,not_has_flag:purifier_basement_done,navigate:purifier_entrance_open,,c_cat_tr_2,Step back into the district pattern—Elara's basement is already behind you.,has_flag:purifier_basement_done,navigate:seek_answers,,,,,,,,,,,,,,,,,,,,,
death_cat_census,narrative,"You announce, in ringing tones, that each animal will receive a provisional index line in the colony ledger.

The cats do not boo. Booing is inefficient. They open an adversarial examination in triplicate, using claws.

What follows is the dark alley encounter's director's cut: now with thematic coherence. You have *opted in*. The colony treats this as enthusiastic consent to become a training exercise.

Forty minutes later you possess: no spare chalk, one fewer glove, a new understanding that filing gloss can draw blood, and the distinct memory of being used as a training prop for a kitten learning the word ""no.""

The alpha returns your authorization seal. Not out of mercy. Brass upsets the stomach.

**[GAME OVER — ADVERSARIAL AUDIT (FERAL, DOUBLE-BLIND, CLAWED)]**",,,c_death_cat_census,Restart.,,navigate:start,,,,,,,,,,,,,,,,,,,,,,,,,,
death_cat_coronation,narrative,"You kneel. You lift your Scholar's seal. You attempt to crown the tomcat as First Citizen of the Cistern Autonomous Zone.

The tomcat interprets this as: (1) a dominance challenge, (2) a dinner bell, and (3) an unsolicited performance review. He responds in triplicate.

The Revolutionary Council's founding documents are famously silent on cats. The cats are not silent on you. Their silence was strategic. Their noise is educational.

You discover that the Right of Exchange applies even when the other party trades exclusively in indignity.

**[GAME OVER — THE CROWNING: STRUCK FROM THE MINUTES]**",,,c_death_cat_crown,Restart.,,navigate:start,,,,,,,,,,,,,,,,,,,,,,,,,,
warehouse_approach,narrative,"You follow the crate markings inland. The stenciled codes on the supply crates at the dock—""KBD-T2-M"" for Karet Bay District, Tier 2, Maintenance—told a simple story of materials arriving where they were supposed to go. But you've been watching crates all morning, and the ones with that code stopped arriving three loads ago. The ones still moving have different codes. Fresher paint. Newer stencils.

The warehouses rise around you like a second coastline—brick and corrugated iron, CEA shipping labels pasted over older labels pasted over labels so old they've become part of the wall. The air changes here: less brine, more dust and machine oil. The ground is hard-packed clay over old cobblestone, and every surface carries the fine grey residue of materials being moved in bulk.

A cart passes you heading upriver, loaded with crates bearing the same fresh stencils you noticed at the dock. The driver doesn't look at you. He has the focused blankness of a man who moves things from one place to another and has learned not to wonder why.

You check the stencil code against your allocation charts. ""TRP-UC-PRI."" Transit Rail Project. Upper City. Priority. You check it again, because you want to be wrong.

You are not wrong.

The materials allocated to maintain Karet Bay's infrastructure—the fuel blocks, the reinforcement paste, the bonding agents that keep seawalls standing and water pipes sealed—are being loaded onto carts and shipped upriver to build a railway in the part of the city that already works. Someone signed the authorization for this. Someone approved the transfer. Somewhere in the CEA's filing system, there is a form that says this is fine.

You keep walking toward the logistics office.",,adjust_stability:-3,c_wa_1,Approach the logistics office.,,navigate:warehouse_exterior,,c_wa_2,Follow the supply crates toward the upper city.,,navigate:supply_chain_entrance,,,,,,,,,,,,,,,,,,,,,
warehouse_approach_repeat,narrative,"The stencils are not a riddle anymore. You read TRP-UC-PRI the way you read weather—Transit Rail, Upper City, Priority—and the scam is old news that still tightens your jaw.

You cross the warehouse quarter on intent, not accident: brick and iron, labels pasted over labels, the grey film of everything moved in bulk. Carts roll upriver under fresher paint; drivers keep their eyes on the loads. You are not here to prove the redirection again—you are here for the office, the paper, the honest count kept inside a dishonest channel.

The logistics building stays squat at the heart of it all—faded pennant, tired glass—and you walk straight toward the door.",,adjust_stability:-1,c_war_1,Approach the logistics office.,,navigate:warehouse_exterior,,c_war_2,Follow the supply crates toward the upper city.,,navigate:supply_chain_entrance,,,,,,,,,,,,,,,,,,,,,
warehouse_exterior,narrative,"The logistics office is a squat building at the center of the warehouse complex, distinguished from the warehouses only by its windows and the fact that someone has hung a CEA pennant from a bracket over the door. The pennant is faded. Nobody has replaced it because replacing it would require someone to notice it, and noticing things is not, apparently, part of the operational culture here.

Outside, a loading dock runs the length of the building's north face. Workers move crates from warehouse doors to waiting carts with a rhythm that speaks of long practice—lift, carry, stack, strap, next. No wasted motion. No conversation. The efficiency is remarkable, and the efficiency is the problem, because these people are very, very good at moving materials away from the district that needs them.

You count the carts. Fourteen, currently being loaded. Each holds roughly two tons of mixed maintenance materials. You do the math in your ledger: twenty-eight tons of Tier 2 stock, departing in a single morning shift. The district's monthly maintenance allocation, according to the last published schedule, is forty tons. You are watching two-thirds of a month's supply leave in three hours.

The contrast sits in your throat. Behind you, the district is held together with improvised circles and Tier 0 paste. In front of you, enough material to repair every critical system in Karet Bay is being loaded onto carts by people paid to not think about where it's going.

A woman appears briefly in the office window, surrounded by what appears to be a small fortress of paper. She looks tired in the way that structural fatigue looks—not the kind that sleep fixes.",,,c_we_1,Enter the office.,,navigate:warehouse_office_dispatch,,c_we_2,Observe the loading dock.,,navigate:loading_dock_observation,,,,,,,,,,,,,,,,,,,,,
warehouse_office_dispatch,narrative,"The door is the same door: the same worn brass plate cool under your palm, the same faint stick in the latch before it gives. Beyond the frame, paper whispers—edges aligned, stacks shifted, the small violence of order being maintained. You pause on the threshold only long enough to feel it recognize you, then you cross.",,,c_woed_1,Enter the office.,not_has_flag:senna_met,navigate:warehouse_office,,c_woed_2,Enter the office.,has_flag:senna_met,navigate:warehouse_office_return,,,,,,,,,,,,,,,,,,,,,
warehouse_office,narrative,"You push open the door and step into a room that has been colonized by paperwork. Shipping manifests cover the desk in overlapping layers. Filing cabinets line the walls, several drawers hanging open with documents protruding at angles that suggest a system somewhere between ""organized chaos"" and ""cry for help."" A map of the bay's shipping routes is pinned to one wall, annotated so heavily that the original cartography is barely visible.

The woman behind the desk—mid-forties, dark hair pulled back with a pen shoved through it, ink on her fingers and the side of her jaw where she's been resting her face on her hand—looks up when you enter. Her eyes find your Scholar insignia before they find your face.

Something happens to her expression. It's complicated. Relief, first—the kind you see when someone has been drowning quietly and spots a boat. Then fear, immediate and practical, the recognition that the boat might also be a problem. Then something harder to name: the expression of a person who has been carrying numbers that don't add up and has just realized someone might finally ask her to explain them.

""Scholar,"" she says. The word carries about four different meanings.

""Senna?"" you ask, reading the nameplate half-buried under a requisition form.

""Harbor Logistics Coordinator. Eleven years."" She says it like a diagnosis. ""I—"" She stops. Starts again. ""The allocations. You're here about the allocations.""

It wasn't a question. You let the silence confirm it.

She sits back in her chair and presses both hands flat on the desk, as if bracing against something. ""I have the numbers,"" she says. ""I've had them for months. I just—"" Another stop. ""The people I would normally report this to are the same people who signed the transfer orders.""

She looks at you. Waiting.",,set_flag:senna_met:true,c_wo_1,Ask about the material allocations.,,navigate:senna_data,,c_wo_3,Demand to see the full records.,,navigate:supply_records_room,,,,,,,,,,,,,,,,,,,,,
warehouse_office_return,narrative,"You step inside and the room is unchanged in the only way that matters: still overrun—manifests in drifts, drawers half-open, the shipping map on the wall half-lost under its own corrections.

Senna looks up from the crush on her desk and recognizes you in a single tired beat—not relief, not performance, just the flat fact that you are back in a conversation neither of you finished. Ink marks her fingers; she does not bother squaring the stack in front of her.

She waits, hands resting on paper as if bracing a small raft, for your next move.",,,c_wor_1,Ask about the material allocations.,,navigate:senna_data,,c_wor_3,Demand to see the full records.,,navigate:supply_records_room,,,,,,,,,,,,,,,,,,,,,
senna_conversation,narrative,"You don't start with the numbers. You start with her.

Senna has been harbor logistics coordinator for eleven years. Before that, she was a shipping clerk. Before that, a dock worker's daughter who learned to count before she learned to read because her father's pay was docked by the number and the numbers were wrong often enough that someone in the family needed to check them.

She tells you this without self-pity. It's context. She's a woman who became good at counting because counting wrong had consequences she could see.

""The allocations shifted gradually,"" she says, pulling out a chart she's clearly drawn herself—hand-ruled columns, meticulous entries. ""It wasn't one order. It was a series of small redirections. Five percent here. Eight percent there. Like water finding a new channel. Each individual change was within the discretionary adjustment authority of the Regional Allocations Board. None of them, individually, would trigger a review.""

She traces the line on her chart. It goes one direction. Down.

""But together—""

""Together, the district lost seventy-three percent of its Tier 2 maintenance supply in seven months.""

She nods. You notice her hands are steady. She's had time to be angry about this. The anger has hardened into something more like determination, or maybe just exhaustion wearing determination's face.

""I wrote three internal reports,"" she says. ""They were received and acknowledged. Nothing changed. The acknowledgments came from the same office that approved the transfers."" A pause. ""I stopped writing reports after the third one. Not because I stopped caring. Because I realized the reports were going to the people who already knew.""

She looks at the window. Beyond it, another cart of materials rolls past, heading upriver.",,adjust_worker_rep:5,c_sc_1,Return to the office discussion.,,navigate:warehouse_office_dispatch,,c_sc_2,Tell her you'll include her testimony in your assessment.,,navigate:senna_testimony,,,,,,,,,,,,,,,,,,,,,
senna_data,narrative,"Senna pulls a thick folder from the second drawer on the left—she knows exactly where it is, because she's been waiting to show it to someone—and spreads three months of shipping manifests across the desk. The desk isn't big enough. She moves to the floor.

The story the manifests tell is not subtle. It is, in fact, painfully clear, which makes the fact that nobody has acted on it either an indictment of the system or a feature of it.

""Karet Bay District is allocated forty tons of Tier 2 maintenance materials per month,"" Senna says, pointing to the allocation column. ""Standard for a district of this size and infrastructure age. Here—"" she traces her finger across the row ""—is what actually arrives. And here—"" she pulls out a second set of documents, transfer orders ""—is where the difference goes.""

The difference goes to the Transit Rail Project. Upper city. Priority allocation.

Seventy-three percent of Karet Bay's Tier 2 maintenance materials, redirected over the last seven months. Not stolen—redirected. With paperwork. With signatures. With the full bureaucratic apparatus of legitimacy wrapped around an act of systematic neglect.

""They're building a railway,"" Senna says flatly. ""And they're building it with the materials that are supposed to keep this district's seawall standing, its water pipes sealed, and its cranes operational."" She pauses. ""The railway is on schedule. The seawall is not.""

She has it all documented. Every transfer order, every allocation shortfall, every discrepancy between what was promised and what arrived. Seven months of institutional failure, catalogued in a logistics coordinator's meticulous handwriting.

""I made copies,"" she says. ""I wasn't sure anyone would come. But I made copies anyway.""",,adjust_scholar_rep:5,c_sd_1,Take copies of the manifests.,,navigate:warehouse_manifest_taken,add_item:warehouse_manifest:1,c_sd_2,Ask where the materials physically go.,,navigate:supply_chain_entrance,,c_sd_3,Ask about her—how she ended up in this position.,,navigate:senna_conversation,,,,,,,,,,,,,,,,
senna_testimony,narrative,"Senna agrees. She says the word ""yes"" and then sits very still for a moment, as if listening to the echo of it.

""If Toris finds out I talked to a Scholar about this, I lose my position,"" she says. Not a protest. A calculation. ""And then who watches the numbers?""

It's not a rhetorical question. She genuinely wants to know. In a system where the oversight mechanism has been captured by the people it's supposed to oversee, one logistics coordinator with honest books might be the only functional safeguard left. She knows this. It's why she hasn't quit. It's also why she hasn't spoken up until now—because speaking up and losing her position might be worse for the district than staying silent and keeping the records.

You write down her account. Name, position, tenure. The dates of her internal reports. The non-responses she received. The pattern she identified. She speaks carefully, choosing words with the precision of someone who understands that words, in bureaucratic systems, have material consequences.

When she's done, she looks at the folder on her desk. Seven months of documentation. Then she looks at you.

""I need you to understand something,"" she says. ""I'm not doing this because I'm brave. I'm doing this because the numbers are wrong and I can't make them right from inside the system. The system is the problem."" She straightens a stack of papers that doesn't need straightening. ""You're the first person from outside the system who's asked.""

You close your ledger. The weight of her testimony sits in it alongside the engineering data and the material assessments. Numbers and a name. Evidence needs both.",,set_flag:senna_testified:true|adjust_worker_rep:5,c_st_1,Return outside.,,navigate:warehouse_exterior,,,,,,,,,,,,,,,,,,,,,,,,,,
warehouse_manifest_taken,narrative,"You take the copies. Senna hands them over with both hands, like someone passing a child across a gap—careful, deliberate, unable to take it back once the transfer is complete.

The manifests are dense with logistics notation: allocation codes, transfer authorities, routing numbers, weight tallies, receiving signatures. To most people, they would be unreadable. To you—a Measured Scholar trained in the patient art of making systems confess their sins through their own documentation—they are a confession.

Seven months of material redirection, documented in the CEA's own ledgers. Every transfer authorized, every shortfall acknowledged in the margins by someone who initialed the discrepancy and moved on. The system didn't hide what it was doing. It simply expected no one would read the evidence it left in plain sight.

You fold the copies carefully and place them in your field satchel, between the diagnostic plates and the fuel block case. Physical evidence. The kind that doesn't change when someone edits a filing cabinet.

Senna watches you with the expression of someone who has just handed over something they can't take back. Not regret—she made this decision before you walked in. But awareness. The awareness that a thing has shifted, and the shape of what comes next depends on what you do with what she's given you.

""The staging area is at the district boundary,"" she says quietly. ""Where the materials transfer to upper-city transport. If you want to see the scale of it."" She pauses. ""You should see the scale of it.""

You nod. The manifests are evidence of what was decided. The staging area is evidence of what that decision looks like when it's built.",,,c_wmt_1,Follow the material trail to the staging area.,,navigate:supply_chain_entrance,,,,,,,,,,,,,,,,,,,,,,,,,,
loading_dock_observation,narrative,"You find a position near the warehouse wall where you can watch without being watched. An old skill for a Scholar—or perhaps the oldest skill: standing still while systems reveal themselves.

The loading process is a machine made of people. Workers move in pairs, one on each end of a crate, with the synchronized efficiency of a crew that has done this exact job hundreds of times. Lift from the knees. Three steps to the cart. Lower on the count. Strap. Next. The rhythm doesn't vary. There's no conversation, no hesitation, no moment where anyone stops to consider what they're moving or where it's going.

They've been doing this for months. You can tell by the way the work has worn grooves into their muscle memory—the same crate sizes, the same cart dimensions, the same route from warehouse to loading position. This isn't new. This is routine.

The crates are labeled clearly: ""Transit Infrastructure Project - Priority Allocation."" Fresh stencils on clean wood. Someone is investing in good packaging for materials being taken from a district that can't afford to maintain its own seawall.

A foreman stands at the edge of the dock with a clipboard, checking each cart against a manifest before waving it through. He's efficient. Thorough. He counts every crate and marks every entry with the careful attention of a man who does his job well and has never been given a reason to question what his job actually accomplishes.

He doesn't look conflicted. He doesn't look guilty. He looks like a professional doing professional work. The banality of it settles in your stomach like cold water.

You make your notes. You wish the notes were wrong.",,adjust_stability:-2,c_ldo_1,Approach the foreman.,,navigate:loading_foreman,,,,,,,,,,,,,,,,,,,,,,,,,,
loading_foreman,narrative,"The foreman sees you coming and his expression arranges itself into the particular blank politeness reserved for people who might be inspectors. He's a broad man, weathered in the way dock workers are—salt and sun and the particular kind of patience that comes from physical work done in all conditions.

Your Scholar insignia doesn't impress him. He's seen credentials before. Credentials come and go. Crates stay on schedule.

""I move what the manifests say to move,"" he says, before you've finished introducing yourself. He's had this conversation before, or one close enough to it. ""Manifests come from the routing office. Routing office reports to the Regional Allocations Board. If you want to know why the crates go where they go, ask upstairs."" He gestures vaguely toward the upper city with his clipboard. The gesture encompasses roughly everything above the poverty line.

You ask when the current shipping pattern started. He checks his logs—not because he doesn't know, but because he's the kind of man who references documentation.

""Seven months ago. Maybe seven and a half. We were doing standard district maintenance runs before that—seawall resupply, water system maintenance, crane upkeep. Good work. Regular."" He shrugs. ""Then the priority orders came in and everything shifted to transit rail. Same materials. Same crews. Different destination.""

Seven months. The same timeline as the crane anomaly. The same timeline as the seawall's accelerated degradation. The same timeline as everything going wrong in Karet Bay, traced back to a set of routing orders that changed where the carts went.

He turns back to his clipboard. ""Anything else? These carts don't load themselves."" A pause. ""Well. They could, if we had the fuel blocks for the autoloaders. But those got shipped upriver too.""

He says it without irony. You're not sure that makes it better.",,,c_lf_1,Return to the warehouse area.,,navigate:warehouse_exterior,,,,,,,,,,,,,,,,,,,,,,,,,,
supply_records_room,narrative,"You don't ask. You inform Senna that you require access to the full shipping records under your authority as a Measured Scholar conducting a district infrastructure assessment. The language is formal. The tone is polite. The implication—that refusal will be noted in a document that ends up on someone important's desk—is not stated but doesn't need to be.

Senna hesitates. Not because she doesn't want to show you—she clearly does—but because showing you is a door that only opens in one direction. She looks at the filing cabinets. She looks at you. She reaches into her pocket, produces a key, and unlocks the back room.

The records room is small, windowless, and filled floor to ceiling with bound shipping manifests on wooden shelves. The organization system is chronological and meticulous—Senna's work, clearly. Labels in her handwriting. Color-coded tabs. The kind of filing that happens when someone cares about accuracy in an institution that doesn't.

What catches your eye immediately is the shelf against the far wall. The last seven months of records occupy it entirely, and the volumes are thicker than the previous five years combined. Not because there are more shipments—the district's total allocation hasn't changed on paper—but because there are more transfer orders, more routing amendments, more authorization addenda. The paperwork of redirection is voluminous. Every theft in this system requires a form, a signature, and a filing number.

You stand in a small room surrounded by the documentary evidence of a district being quietly dismantled by its own bureaucracy. The air smells like old paper and ink. It is a very specific kind of archive: the kind that proves something everyone already knows but no one has been willing to say.",,adjust_energy:-5,c_srr_1,Analyze the records carefully. This will take time.,,navigate:supply_chain_analysis,,c_srr_2,Take what you need and leave. Speed over thoroughness.,,navigate:supply_chain_quick,,,,,,,,,,,,,,,,,,,,,
supply_chain_entrance,narrative,"The material trail leads you to the district boundary—the invisible line where Karet Bay ends and the transit corridor begins. Here, the infrastructure changes mid-sentence. On the Karet Bay side: cracked pavement, patched walls, improvised reinforcement circles. On the transit corridor side: fresh concrete, new lighting, alchemical conduits humming with properly fueled maintenance circles.

The contrast is architectural violence. Two systems, sharing a border, separated by the simple question of where the materials went.

A CEA staging area occupies the boundary zone—a fenced compound where materials arriving from the dock warehouses are transferred to upper-city transport. The compound is busy. Carts arrive from the direction you came; larger vehicles depart toward the upper terraces. The transfer operation runs smoothly, because someone has invested significant resources in making sure it runs smoothly. Resources that came from somewhere.

Through the fence, you can see the scale. Crates stacked three high in organized rows. Fuel block containers on pallets. Reinforcement material in sealed drums. Structural alloys bundled in transit frames. All of it labeled for the Transit Rail Project. All of it sufficient to maintain several districts' worth of infrastructure, sitting in a staging area on the border of a district that is falling apart.

A guard stands at the gate—not military, but private security with a CEA contract badge. He notices you. He's not hostile, but he's not inviting either. The kind of presence that exists to make you decide whether what you're doing is worth the conversation. His jacket buttons sit one hole off true across his chest, as if someone else's measurements were issued as law and he wore them without comment long enough for the mismatch to become its own kind of uniform.

Behind the staging area, the transit rail construction rises against the skyline. It gleams. Below it, Karet Bay does not.",,,c_sce_1,Approach with your Scholar credentials.,has_item:cea_authorization,navigate:staging_inspection,,c_sce_2,Observe from a distance.,,navigate:staging_observation,,,,,,,,,,,,,,,,,,,,,
supply_chain_analysis,narrative,"You settle in. The chair is uncomfortable. The light is bad. The work is the kind you were trained for, and you lose yourself in it.

An hour passes. Maybe more. The manifests yield their patterns reluctantly at first, then all at once, the way structural failures do—nothing, nothing, nothing, then everything.

The redirection isn't limited to Karet Bay. Three other districts—Morrow Reach, the Ashton Flats, Old Saline—show identical material draws over the same seven-month period. Different routing codes, different authorization chains, but the same destination: the Transit Rail Project. The same gradual erosion. The same bureaucratic camouflage of small, individually unremarkable transfers adding up to systematic deprivation.

You cross-reference the total material volume. The transit rail project, according to its published budget, requires roughly 40% of the resources it's actually consuming. The remaining 60% is being drawn from maintenance allocations across the eastern seaboard, hidden in the aggregate by the same trick Senna identified—small individual transfers, each within discretionary authority, that combine into something far larger than any single authorization would permit.

The scale reframes the problem. This isn't a local logistics failure. This isn't one district being neglected. This is a regional policy decision disguised as a series of administrative adjustments. Someone—or some office, some committee, some authority with the power to coordinate across multiple allocation boards—decided that the transit rail was worth more than the infrastructure that keeps four working districts functional.

You write it all down. The numbers. The districts. The pattern. Your hand cramps. You keep writing.

When you're done, the clarity sits with you the way a good measurement does—exact, unwelcome, and impossible to unread. The apparatus did not misfire; it fed what it was aimed at. The people it was meant to keep whole are simply not where the aim settled.",,adjust_scholar_rep:5|adjust_energy:-8,c_sca_1,Take the evidence—all of it.,,navigate:warehouse_outro_dispatch,add_item:supply_ledger:1|add_item:warehouse_manifest:1,c_sca_2,Confront Senna about the scale of this.,,navigate:senna_scale,,,,,,,,,,,,,,,,,,,,,
supply_chain_quick,narrative,"You take what you can carry. Three months of transfer orders. The allocation summaries. Senna's hand-drawn comparison charts. Enough to prove that materials were redirected from Karet Bay to the transit rail project. Enough for an assessment. Not enough for a prosecution, if it comes to that, but enough to start asking questions that have answers someone won't want to give.

You work fast, selecting documents with the practiced eye of a Scholar who has learned which paperwork matters and which is camouflage. Transfer authorizations—yes. Routing confirmations—yes. The seven pages of interdepartmental memoranda about updating the filing system's color-coding protocol—no.

Speed over thoroughness. It's a trade-off you've made before. In field assessment, you rarely have the luxury of complete information. You learn to take the signal and leave the noise, and hope you've correctly identified which is which.

Senna watches you from the doorway. She doesn't help—not because she's unwilling, but because she understands that what you're taking now is evidence, and evidence has chain-of-custody implications. A logistics coordinator knows about documentation chains. She stays outside the room while you work.

When you emerge with a folder of documents under your arm, she looks at it the way a shipwright looks at a vessel leaving harbor—with the knowledge that she built it as well as she could and the rest is up to the water.

""There's more in there,"" she says. ""If you need it later.""

""I know where to find it.""

She nods. The conversation has the quality of a transaction that both parties understand is larger than the words being exchanged.",,,c_scq_1,Continue your investigation.,,navigate:warehouse_outro_dispatch,add_item:warehouse_manifest:1,,,,,,,,,,,,,,,,,,,,,,,,,
senna_scale,narrative,"""Three districts?"" Senna's voice is steady but her face isn't. The color leaves it in stages, like a tide going out. ""I thought it was just us.""

She sits down. Not in her chair—she misses it by a foot and ends up on the edge of her desk, scattering a pile of transfer orders onto the floor. She doesn't pick them up. She's staring at the wall map with the shipping routes, and you can see her re-reading it with new eyes, tracing the lines she knows by heart and seeing, for the first time, where they connect to a pattern larger than one district's logistics failure.

""Morrow Reach,"" she says, almost to herself. ""They had a dock collapse last month. Old Saline's water treatment—"" She stops. ""I read the incident reports. Everyone reads them. We assumed they were separate failures. Maintenance debt. Aging infrastructure. The usual.""

The usual. The comfortable explanation that allows everyone to nod and move on and not ask the question that would make the nodding stop.

""It's not the usual,"" you say.

""No."" She presses her palms against the desk. Her hands are shaking slightly. Not with fear—with the particular tremor of someone whose understanding of a problem has just expanded beyond the walls of their office and into something they're not sure they can hold. ""Someone is making a choice. Not for one district. For all of them. They're choosing the rail over everything.""

She looks at you with an expression that has moved past fear into something more urgent.

""You have to stop this. Someone has to stop this. Four districts—"" She shakes her head. ""The seawalls alone—if Morrow Reach is in the same state as us—""

She doesn't finish. She doesn't need to. You can do the math.",,set_flag:knows_full_scale:true|adjust_worker_rep:5,c_ss_1,Promise her. And leave.,,navigate:warehouse_outro_dispatch,,,,,,,,,,,,,,,,,,,,,,,,,,
staging_area,narrative,"The CEA staging area is larger up close than it looked from the district boundary. The fence is new—galvanized iron, properly anchored, with alchemical deterrent sigils worked into the posts. Someone spent real money on this fence. The kind of money that could have repaired a seawall, or sealed a water main, or kept a crane from failing.

A guard at the gate watches you approach. Private security, CEA contract. His uniform is clean and well-fitted—another small insult to a district where the dock workers mend their own gear. He has the posture of someone paid enough to be polite and not enough to be curious.

Through the gate, the operation spreads before you. Crates organized by destination code. Transport vehicles—large, well-maintained, alchemically assisted—waiting in a loading queue. Workers in clean overalls moving with the efficiency of a system that has everything it needs. The contrast with the dock workers on the other side of the boundary is so stark it feels like crossing between two different cities. Which, in every way that matters, it is.

You can see structural alloys in transit frames. Fuel block containers by the dozen. Reinforcement paste in sealed industrial drums—the same Tier 2 material that Karet Bay's maintenance circles are starving for, stacked here in quantities that would supply the district for a year.

The guard is still watching. Your Scholar insignia is visible. The question is whether you want to engage the system on its own terms—walk in with credentials and create a documented interaction—or stay outside it, observing from a distance that preserves your anonymity but limits your information.

Each choice has a cost. As always.",,set_flag:staging_visited:true,c_sa_1,Present your credentials and enter.,has_item:cea_authorization,navigate:staging_inspection,,c_sa_2,Observe from here. Write down what you can see.,,navigate:staging_observation,,,,,,,,,,,,,,,,,,,,,
staging_inspection,narrative,"Your CEA authorization gets you through the gate. The guard examines it, nods, and steps aside with the mechanical courtesy of a man who has been trained to respect documentation regardless of what it authorizes. You walk in.

Behind you, the gate seats with a quiet metallic click; he holds his line without turning, letting distance do the rest of the check.

The operation is larger than the manifests suggested. The staging area isn't just a transfer point for Karet Bay's redirected maintenance materials—it's a regional hub. You can see routing labels from at least six districts. Structural components, reinforcement alloys, fuel stocks, bonding agents, specialized maintenance compounds. The transit rail project is consuming everything, and the machinery of consumption is running at full capacity.

You walk between the rows of crates, doing mental inventory. Your field training kicks in: estimate volume, cross-reference with standard district allocation tables, calculate the deficit. The numbers are staggering. What's sitting in this staging area right now—waiting for transport to a railway—could maintain the infrastructure of every district in the eastern quarter for three months.

A supervisor finds you. She's businesslike, clipboard in hand, the kind of middle-management efficiency that keeps systems running without asking whether they should be. ""Sign here if you're auditing,"" she says, offering the clipboard.

The audit form is standard CEA documentation. Signing it creates an official record: a Measured Scholar conducted an inspection of this facility on this date. It alerts the system that someone is looking. It may accelerate whatever response the CEA decides to mount. But it also creates a paper trail—your name, your authority, your presence, documented in the system's own records.

You could decline, walk out, and preserve the advantage of the CEA not knowing exactly what you've seen. Information asymmetry. The Scholar's oldest tool.",,,c_si_1,Sign the audit form. Put it on record.,,navigate:warehouse_outro_dispatch,adjust_cea_rep:5|adjust_stability:3|add_item:supply_ledger:1,c_si_2,Decline. Leave quietly with what you know.,,navigate:warehouse_outro_dispatch,add_item:supply_ledger:1,,,,,,,,,,,,,,,,,,,,
staging_observation,narrative,"You stay outside the fence. From here, with a Scholar's trained eye and a diagnostic plate pressed against the nearest alchemical conduit for passive resonance reading, you can see enough.

The scale is the thing. Not the individual crates or the specific materials—you've already documented those from Senna's manifests—but the sheer physical volume of resources concentrated in one place for one purpose. The staging area covers roughly two acres. Every square foot of it is occupied by materials in transit, organized with the ruthless efficiency of a system that has been optimized for exactly one thing: moving resources upward.

You count transport vehicles. Eighteen, currently loaded or loading. You estimate tonnage from the vehicle suspension compression—a trick your field instructor taught you, and one of the few things from the Academy that turns out to be consistently useful. The number you arrive at is larger than the annual maintenance allocation for the entire Karet Bay district.

You write it all down. Vehicle counts. Estimated tonnage. The routing codes visible on the nearest crate rows. The guard rotation pattern, because you're a Scholar and pattern recognition is what you do, even when the pattern is just two men walking back and forth.

From here, you can see the transit rail construction on the upper terrace. The skeleton of the railway rises against the sky, gleaming with new alloy and fresh alchemical bonds. It is, you have to admit, an impressive piece of engineering. It is being built well, with good materials, by competent people.

It is being built with the bones of four districts' infrastructure. And from up there, you probably can't even see Karet Bay.",,,c_so_1,Return to the district with your observations.,,navigate:warehouse_outro_dispatch,add_item:supply_ledger:1,,,,,,,,,,,,,,,,,,,,,,,,,
warehouse_outro_dispatch,narrative,"You pause where the warehouse dust thins and the older paving takes over—neither fully inside the complex nor committed to what comes next. One more breath at the seam, then you let yourself move.",,,c_wod_1,Continue.,not_has_flag:warehouse_thread_complete,navigate:warehouse_conclusion,,c_wod_2,Continue.,has_flag:warehouse_thread_complete,navigate:warehouse_conclusion_return,,,,,,,,,,,,,,,,,,,,,
warehouse_conclusion,narrative,"You leave the warehouse district with more weight in your satchel and considerably more weight in your understanding.

The picture has resolved. Not completely—there are still questions, still gaps, still the particular kind of uncertainty that comes from seeing a system's outputs without yet seeing who designed it. But the outline is clear now, drawn in shipping manifests and allocation tables and the quiet testimony of a woman who counted the numbers and couldn't make them add up.

Materials flow upward. Maintenance flows downward—into deficit, into improvisation, into the slow structural failure of infrastructure that was built to last but wasn't built to be starved. The transit rail gleams on the upper terrace, a monument to the principle that some districts' futures are worth more than others' presents. Below it, Karet Bay's seawall holds by the memory of maintenance it hasn't received in seven months.

The exchange is not balanced. It hasn't been balanced for seven months, and the imbalance is not an accident. It's a policy. Somewhere in the CEA's administrative structure, someone decided this was an acceptable trade. The rail for the wall. The future of the upper city for the present of the lower. An exchange made without consulting the people on the losing end, because the people on the losing end don't sit on allocation boards.

You stand at the edge of the warehouse district, between the world that's being built and the world that's being consumed to build it. Your ledger is full. Your fuel blocks are lighter. Your assessment is no longer preliminary.

The question is what you do with knowing. The question is always what you do with knowing.",,,c_wc_1,Next day: follow the drainage signature inland—the disturbance in the district interior.,,navigate:track_disturbance,set_flag:fiction_day_2:true|set_flag:warehouse_thread_complete:true,c_wc_2,Next day: go directly to the CEA. Confront the institution.,,navigate:seek_answers,set_flag:fiction_day_2:true|set_flag:warehouse_thread_complete:true,c_wc_3,Next day: check on the seawall. Time may be shorter than you thought.,,navigate:seawall_first_look,set_flag:fiction_day_2:true|set_flag:warehouse_thread_complete:true,c_wc_4,Next day: investigate the CEA staging area.,has_item:warehouse_manifest|not_has_flag:staging_visited,navigate:staging_area,set_flag:fiction_day_2:true|set_flag:warehouse_thread_complete:true,,,,,,,,,,
warehouse_conclusion_return,narrative,"You are back at the rim of the warehouse district with a satchel that already knows this weight and a ledger that has stopped behaving like blank paper.

The pattern needs no second introduction—materials climbing, maintenance bled downward, the same seven-month sweep you already traced in manifests and quiet testimony. The rail still catches light where Karet Bay does not; naming the imbalance did not soften the air.

Someone decided the trade was acceptable long before you arrived. Your fuel blocks are lighter. Your certainty is not.

You stand again between what is being assembled and what is being stripped to feed the assembly—the question unchanged except that you have less room to pretend you might still misunderstand it.

The next stretch will cost whatever you spend on it—time, nerve, the small coin of being seen to take a side—and drifting spends quietly, without giving you a receipt. You already know the pattern; pretending otherwise would be another withdrawal from an account you have been careful not to overdraw. You shift your weight, choose a bearing, and let your feet commit before your mind can rehearse a cleaner excuse.",,,c_wcr_1,Next day: return to the drainage trail—inland signature again.,,navigate:track_disturbance_repeat,set_flag:fiction_day_2:true,c_wcr_2,Next day: go directly to the CEA. Confront the institution.,,navigate:seek_answers,set_flag:fiction_day_2:true,c_wcr_3,Next day: check on the seawall. Time may be shorter than you thought.,,navigate:seawall_first_look,set_flag:fiction_day_2:true,c_wcr_4,Next day: investigate the CEA staging area.,has_item:warehouse_manifest|not_has_flag:staging_visited,navigate:staging_area,set_flag:fiction_day_2:true,,,,,,,,,,
freehands_safehouse,narrative,"The old chandlery smells of tallow and turpentine, overlaid with the sharper mineral tang of bonding paste. Whatever this place used to sell, it now trades in something more essential: continued structural existence.

The ground floor has been gutted and rebuilt into a working space that would make any logistics officer weep with recognition. Along the left wall, salvaged tools hang on pegged boards with the organizational precision of someone who knows exactly how many hammers she has and exactly how many she needs. The difference between those numbers keeps Brin awake at night. Along the right, stacked crates of reclaimed construction materials: bonding paste in mismatched containers, salvaged pipe sections sorted by diameter, fuel blocks of indeterminate tier. On the far wall, hand-drawn diagrams of Karet Bay's water and structural systems cover the plaster in overlapping layers of chalk and charcoal. They are accurate. You can tell because they match the readings in your diagnostic plate, and your diagnostic plate cost more than everything in this room combined.

A dozen people work in the controlled silence of those with too much to do and not enough hours to waste on conversation. Two are repairing water pipe sections at a workbench. Three are sorting materials with the grim focus of field medics triaging supplies. A teenage boy runs numbers on a chalkboard—material allocation calculations that look roughly correct.

At the center of it, Brin. Heavyset, steady, with Freehands circle-marks on both wrists—not the discreet single mark of someone who dabbles, but the doubled declaration of someone who has committed. She looks up when you enter, reads you in about three seconds, and goes back to the supply manifest she is reviewing.

""Seren sent you,"" she says. It is not a question.

This is mutual aid made physical. The gap between what the CEA provides and what people need, measured in pipe sections and bonding paste and hours of unpaid labor. You have seen the gap in your numbers. Here, it has a smell.",,set_flag:brin_met:true|add_item:freehands_token:1,c_fhs_1,Talk to Brin.,,navigate:brin_conversation,,c_fhs_2,Explore the workshop.,,navigate:fh_workshop,,c_fhs_3,Attend the repair briefing.,,navigate:repair_briefing,,c_fhs_4,Leave for the disturbance trail.,,navigate:track_disturbance,,c_fhs_5,Kaelen is waiting in the back room.,has_flag:kaelen_met|not_has_flag:declined_kaelen_line_path|has_flag:fiction_day_3|reputation_check:freehandsRep:>=:40|has_flag:pattern_discovered,navigate:kaelen_proposition,,c_fhs_6,Leave and return to the investigation.,,navigate:seek_answers,set_flag:declined_kaelen_line_path:true
brin_conversation,narrative,"Brin sets down her manifest and gives you her full attention. It is a substantial thing. She has the focus of a guild-certified structural lead—someone accustomed to holding the shape of a large problem in her head and directing people toward its solution.

'Twenty years,' she says, when you ask what she did before this. 'Structural work. Load-bearing walls, foundation reinforcement, the kind of circle work that keeps buildings standing. Guild-certified, Tier 2 rated. I built things right because that is what the work demanded.'

She picks up a length of salvaged pipe and turns it in her hands. It has been repaired with Tier 0 paste—the kind of fix that holds for months instead of years.

'Then the CEA restructured the maintenance contracts. Centralized procurement. Materials that used to come through the guild started routing through the Exchange instead—allocated by priority assessment. You know what priority assessment means?' She sets the pipe down. 'It means someone in an office decides which district gets its walls fixed and which district gets a memo explaining why the walls will be fixed later.'

She is not angry. That is what strikes you. She is past angry and into the territory beyond it, where the landscape is flat and practical and the only question that matters is what to do next.

'Seven months since the last proper material shipment. Seven months of us scraping together what we can from salvage and barter and the occasional sympathetic supplier. My question is—' She looks at you. 'More important than people's homes? What exactly is more important than people's homes?'

It is, you note, a genuinely good question. Your ledger does not contain the answer. You suspect that is the point.",,adjust_freehands_rep:10,c_brin_1,Ask about the Freehands network.,,navigate:fh_network,,c_brin_2,Ask about Kaelen.,has_flag:pattern_discovered|not_has_flag:kaelen_personal_story_heard,navigate:brin_on_kaelen,,c_brin_4,Ask what Brin's file adds after the dock.,has_flag:pattern_discovered|has_flag:kaelen_personal_story_heard,navigate:brin_kaelen_followup,,c_brin_3,Tell her you already broke the rules for the docks once.,has_flag:chose_freehand,navigate:brin_ack_freehand,,,,,,,,,,,
brin_ack_freehand,narrative,"Brin's expression tightens—not with disapproval, but with the quick recalculation of someone who just moved you from observer to participant.

'Once is how it starts,' she says. 'Then the district asks for twice, and the ledger asks why you should be the one paying.' She taps her manifest once, neatly. 'Say it again when you mean it. Until then, keep the chalk off your cuffs when you walk past CEA clerks.'

She does not smile. She does not need to. You have been catalogued.",,adjust_freehands_rep:2,c_baf_1,Return to the conversation.,,navigate:brin_conversation,,,,,,,,,,,,,,,,,,,,,,,,,,
fh_network,narrative,"Brin spreads a hand-drawn map across the workbench. It is detailed in the way of someone who has walked every street and counted every building—not the clean abstraction of your Scholar-issued district charts, but the lived cartography of someone who knows where the puddles form and which staircase has the loose third step.

'Seven nodes.' She taps circles drawn in red chalk. 'Here, here, here—' She moves across the map like a general reviewing positions. 'Each one has at least one person who can do basic alchemical repair. Shaping work, simple reinforcement, bonding paste application. Nothing above Tier 1. We do not have the materials for Tier 1 half the time and we do not have the training for Tier 2.'

The nodes are connected by dotted lines—runner routes, you realize. Human messengers carrying material requests, repair reports, and warnings about CEA inspection schedules.

'When someone's pipe bursts at midnight, they do not file a requisition with the Exchange. They send a runner to the nearest node, and whoever is on shift goes to fix it. When a wall starts cracking, we pool materials from three workshops to get enough paste for a proper patch.' She taps the map again. 'We share what we have. We cover for each other when the inspectors come through, because half of what we do is not technically permitted under the current licensing framework.'

She rolls the map up with the practiced motion of someone who hides it several times a week.

'It is not complicated. People need things fixed. We fix things. The complication is that fixing things someone else broke is not supposed to be our job.' She meets your eyes. 'But it is. Because the people whose job it actually is have decided the materials are needed elsewhere. And the people who live here cannot eat a requisition form.'",,,c_fhn_1,Offer to help the network.,,navigate:fh_volunteer,adjust_scholar_rep:-5|adjust_freehands_rep:10,,,,,,,,,,,,,,,,,,,,,,,,,
fh_workshop,narrative,"You walk through the workshop's working floor. The air is thick with chalk dust and the faint ozone-burn of activated bonding paste—the smell of alchemy performed at close quarters by people who cannot afford proper ventilation.

Near the entrance, a teenage girl is crouched over a stone slab, drawing a basic reinforcement circle under the supervision of an older man whose hands look like they were carved from the same material he works with. The girl's chalk lines are unsteady but the geometry is correct—the proportional relationships between the binding nodes are sound, even if the execution wobbles. She is learning by doing, which is the only way anyone in this district learns anything, because the formal training institutions are three districts up and a licensing fee away.

'Hold the angle,' the man says. 'You drift at the third node every time.' She corrects. He nods. The circle will not win any prizes at the Scholars' Academy, but it will hold a pipe joint together for six months, and six months is the planning horizon when your district's maintenance budget exists primarily as a theoretical concept.

In the far corner, someone has set up a water treatment station that operates with the quiet confidence of a thing that works and the quiet illegality of a thing that is not supposed to exist. The filtering compound in use is not CEA-approved. You can tell because CEA-approved compounds come in sealed containers with official stamps, and this compound comes in a repurposed cooking pot with a hand-written label that reads 'WATER STUFF—DO NOT EAT.'

Everything here operates in the gap between 'illegal' and 'necessary.' It is a gap that gets wider every month the maintenance budget does not arrive, and the people inside it have stopped waiting for someone to tell them it is allowed.",,,c_fhw_1,Examine the water treatment setup.,,navigate:fh_water_treatment,,c_fhw_2,Return to Brin.,,navigate:freehands_safehouse,,,,,,,,,,,,,,,,,,,,,
fh_water_treatment,narrative,"The water treatment setup occupies a corner of the workshop that has been partitioned off with salvaged timber and a hanging oilcloth. Inside, it is cleaner than the rest of the building—scrubbed surfaces, organized containers, the controlled environment of someone who takes contamination seriously because she has seen what contamination does.

The system is a three-stage filtration: settlement basin, activated mineral filter, and a simple exchange circle that strips remaining impurities through low-HI material conversion. It is not elegant. The settlement basin is a repurposed brewing vat. The mineral filter uses crushed aggregate packed into a wooden frame. The exchange circle is drawn in permanent chalk on a stone slab, fed by fuel blocks that are definitely salvaged from somewhere the CEA would prefer they were not salvaged from.

But it works. The woman running it—Lisse, small and precise, with the calloused hands of someone who spends her days handling rough materials—explains the system without being asked, in the steady cadence of someone who is proud of useful work and does not get enough opportunities to show it.

'Three buildings on Dock Row get water through here. Two more on Salt Lane. About ninety people total.' She runs a hand along the edge of the exchange circle, checking the chalk lines by touch. 'It is not as clean as a proper municipal filter. It is not as fast. But people drink clean water today, and today matters.'

You have heard this philosophy before. It is the philosophy of people who have stopped believing in institutional timelines. It is not wrong. It is also not sustainable. Your diagnostic plate confirms the system is running at its limit—one component failure from serving contaminated water to ninety people who have no backup plan.

You note this in your ledger. Lisse watches you write and says nothing. She has seen ledgers before. She is still waiting for one to help.",,,c_fhwt_1,Return to the safehouse.,,navigate:freehands_safehouse,,,,,,,,,,,,,,,,,,,,,,,,,,
repair_briefing,narrative,"Brin runs the morning briefing from a cleared workbench that serves as a command table. Around it, eight people stand in the patient readiness of workers who know the list will be long and the materials will be short.

'Three priorities today.' Brin's voice carries without effort. She has the projection of someone who spent two decades shouting over construction noise. 'First: tenement block on Fisher Row, three water pipe joints showing active failure. Residents reported flooding in the lower units overnight. Tassin, your crew takes that—you know the pipe layout. I have allocated two units of bonding paste and a section of salvaged copper.'

She marks the chalkboard behind her. The board is divided into a grid: locations, crew assignments, material allocations, estimated completion times. It is a dispatch grid with the systematic layout Scholars favor for sanctioned logistics—except drawn in chalk, here, where no sanctioned office would acknowledge it.

'Second: fishmarket load-bearing wall. The stress fractures we flagged last week have progressed. Mira and Dorek, I need a full assessment before we commit materials. If it is beyond patching, we need to know today.'

She pauses. Looks at the board. You can see her doing the calculation—materials available versus materials needed, the arithmetic of scarcity that governs everything in this room.

'Third: cistern drainage backing up again. Same problem as last month. The main junction needs clearing and the outflow circle needs reactivation.' She assigns a name. The person nods without enthusiasm. Recurring problems generate a specific kind of weariness.

Then she looks at you. Reads you the way she reads a structural assessment—quickly, professionally, looking for load-bearing capacity.

'You want to understand what we do? Come with us. Observation from a distance is how the CEA does things, and you can see where that has gotten us.'",,,c_rb_1,Join the pipe repair crew.,,navigate:pipe_repair,,c_rb_2,Join the wall assessment team.,,navigate:wall_assessment,,c_rb_3,Observe from here.,,navigate:briefing_observe,,,,,,,,,,,,,,,,
pipe_repair,narrative,"The tenement basement on Fisher Row smells of standing water, rust, and the particular despair of infrastructure that has been failing slowly enough for people to get used to it.

You join a crew of three: Tassin, a wiry woman with a toolbelt that outweighs her; Ren, who carries the salvaged pipe sections and does not talk; and Gerd, who does the circle work. Gerd is heavyset, careful, and entirely self-taught. He learned alchemical bonding by watching a Freehands volunteer three years ago and has been approximating what he saw ever since.

The damaged section is obvious—a joint where two pipe segments meet has corroded through the bonding paste, and water seeps through in the persistent, patient way of water that has found a weakness and intends to exploit it fully.

Tassin cuts the corroded section with a hand saw. Ren fits the replacement segment. Then Gerd crouches down with his chalk and begins drawing.

His reinforcement circle is functional. That is the most precise word for it. The geometry is approximate—the binding nodes placed by eye rather than by measurement, the proportional relationships close but not exact. He compensates for imprecision with extra fuel, drawing harder, pushing more energy into the activation than a properly drawn circle would require. The chalk lines glow, dim, glow again. Gerd's face is tight with concentration. Self-fueled alchemy without proper training is like running uphill in the dark—you can do it, but it costs more than it should and you feel every step.

The pipe holds. Gerd stands up, visibly drained, and nods once. The repair will last months. A proper repair would last years.

You note the difference in your ledger. The difference has a name: materials. Training. Support. Things that used to arrive and now do not.",,,c_pr_1,Help with your Scholar training.,not_has_flag:mercy_spend_two,navigate:pipe_repair_help,adjust_energy:-10|adjust_worker_rep:10|adjust_freehands_rep:5,c_pr_1b,Spend a sanctioned block and help anyway.,has_flag:mercy_spend_two|has_item:fuel_blocks,navigate:pipe_repair_help,adjust_energy:-10|adjust_worker_rep:10|adjust_freehands_rep:5,c_pr_1c,Let Kaelen's mark steady you—then help.,has_flag:mercy_spend_two|has_item:kaelen_trust_mark|not_has_item:fuel_blocks,navigate:pipe_repair_help,adjust_energy:-10|adjust_worker_rep:10|adjust_freehands_rep:5,c_pr_1d,Let the Freehands' goodwill carry part of the cost.,has_flag:mercy_spend_two|reputation_check:freehandsRep:>=:35|not_has_item:fuel_blocks,navigate:pipe_repair_help,adjust_energy:-10|adjust_worker_rep:10|adjust_freehands_rep:5,c_pr_refuse,You cannot pay this basement twice—not without help you do not have.,has_flag:mercy_spend_two|not_has_item:fuel_blocks|not_has_item:kaelen_trust_mark|reputation_check:freehandsRep:<=:34,navigate:mercy_refusal_pipe,,c_pr_2,Continue observing.,,navigate:repair_conclusion,
mercy_refusal_pipe,narrative,"The joint is there. So is your training. What is not there—what the ledger refuses to fake—is another full payment this soon without a buffer you do not currently hold.

Gerd watches you close your chalk case without opening it. He does not take it personally. That is almost worse. He has seen institutions run out of materials before he has seen them run out of excuses.

You still know the cost of the help you are not giving. Arithmetic does not care whether shame would be convenient.",,,c_mrp_1,Step back toward the stairs.,,navigate:repair_conclusion,,,,,,,,,,,,,,,,,,,,,,,,,,
pipe_repair_help,narrative,"You kneel beside the next damaged joint and take out your chalk. Gerd steps back, uncertain, and you realize he has never seen a trained Scholar do circle work at ground level before. Scholars assess. Scholars report. Scholars do not generally get their knees wet in tenement basements.

'May I?' you ask, because the pipe is his responsibility and the courtesy matters.

He nods.

You draw the reinforcement circle properly. Measured nodes, precise geometry, proportional relationships calculated rather than estimated. The chalk moves with the muscle memory of three years of academy training—quick, clean strokes that lock into position with the certainty of mathematics rather than the hope of approximation. You activate the circle with a controlled fuel expenditure, channeling your own energy through the binding pattern in the way you were taught: minimum input, maximum structural coherence.

The bonding paste flows into the joint and sets with an audible click. The pipe segment locks into place with the solidity of something that will still be here when the building around it is not.

Your hands are shaking when you finish. Self-fueling at this scale is draining—the academy warned about field expenditure, about the cost of channeling without external fuel blocks, about the way your body makes up the difference when your supplies run short. You feel it in your joints, a deep weariness that sits behind the eyes and waits.

But the pipe will hold for years instead of months. That is the difference between training and approximation, between resourced institutions and abandoned communities. The difference is years of someone's plumbing working.

Gerd looks at his own chalk circles—the rough, functional ones that have kept this district's water running through sheer stubborn repetition—and says nothing for a long time.

When he speaks, it is quiet. 'Could you show me where I am going wrong on the third node?'",,adjust_stability:3,c_prh_1,Continue.,not_has_flag:mercy_spend_one,navigate:repair_conclusion,set_flag:mercy_spend_one:true,c_prh_1b,Continue.,has_flag:mercy_spend_one|not_has_flag:mercy_spend_two,navigate:repair_conclusion,set_flag:mercy_spend_two:true,c_prh_1c,Continue.,has_flag:mercy_spend_one|has_flag:mercy_spend_two,navigate:repair_conclusion,,,,,,,,,,,,,,,,
wall_assessment,narrative,"The fishmarket's load-bearing wall tells a story, if you know how to read structural palimpsest. And you do. It is the kind of story that starts with good intentions and ends with the phrase 'catastrophic failure event' in someone's incident report.

You accompany Mira and Dorek—both Freehands veterans, both carrying diagnostic tools that were state-of-the-art fifteen years ago. The wall runs the full length of the market hall, supporting the upper floor where three families live in the resigned comfort of people whose ceiling is also their landlord's structural compromise.

The original construction is solid. Good stone, proper reinforcement circles, Tier 2 bonding work that was built to last a generation. But layered over it, like geological strata of increasingly desperate interventions, are the patches. At least seven distinct reinforcement circles, applied at different times by different hands with different materials. Some are Tier 1. Some are Tier 0. Two of them are actively conflicting—their binding geometries pulling the stone matrix in incompatible directions, like two people trying to hold a door open and closed simultaneously.

'Every month someone adds another patch,' Dorek says, running his palm along a crack that branches like a river delta. 'Nobody has removed the old ones because nobody is sure which ones are still load-bearing. The wall does not know what shape it is supposed to be anymore.'

It is a metaphor for the district, and everyone here knows it. Layer upon layer of improvised solutions, each one reasonable in isolation, each one adding complexity that makes the next crisis harder to solve. The wall is holding. But it is holding the way a person holds who is carrying too many things—with visible strain and the growing certainty that something will be dropped.

Mira writes her assessment in a notebook with no cover. The numbers are not encouraging.",,,c_wa_1,Offer a proper structural analysis.,,navigate:wall_analysis_help,adjust_energy:-8|adjust_stability:4,c_wa_2,Return to Brin.,,navigate:repair_conclusion,,,,,,,,,,,,,,,,,,,,,
wall_analysis_help,narrative,"You tell Mira and Dorek you need an hour. They trade the look of people who have watched officials promise and vanish—but they step back.

You sweep the wall with your diagnostic plate: seven active patterns, three material types, two outright conflicts, one circle inert so long it generates stress like a bad tooth. On paper you assemble a single correction geometry that threads the living work—canceling the clashes, reinforcing what still carries load, retiring the dead inscription before its ghost load shears stone.

You fuel it from your own stores. The price arrives as weight and heat; your instructors had a long clinical name for self-fueled high-load drain, but the ribcage only knows someone stacked years there while you weren't watching.

The wall eases. Micro-fractures ease in the readings. Critical drops to stable, and for a breath the noise of the place thins.

Mira says: 'Wish we had one of you six months ago.'

You wish they had. Six months ago this was maintenance. Now it is a lesson in how neglect compounds—and neglect never sends an invoice.",,adjust_freehands_rep:10,c_wah_1,Continue.,,navigate:repair_conclusion,,,,,,,,,,,,,,,,,,,,,,,,,,
briefing_observe,narrative,"You stay at the edge of the room and watch. It is what you were trained to do, after all. Observe. Assess. Calculate the cost.

Brin assigns the pipe crew first—Tassin's team, three people, two units of bonding paste. The allocation takes thirty seconds. Brin knows who works well together, who has experience with which pipe layouts, who needs a lighter load today because they worked a double yesterday. This knowledge lives in her head, unwritten, irreplaceable. It is the most critical piece of infrastructure in the room and it has no backup.

A brief disagreement flares over material allocation—a man named Oster wants additional paste for a retaining wall he has been watching, but Brin has already committed the reserves to the cistern drainage. The argument lasts ninety seconds. Brin listens, acknowledges the risk, explains the priority calculation, and offers a compromise: Oster gets first allocation from tomorrow's salvage run. Oster accepts. It is not consensus in the formal sense—it is the practical agreement of people who trust the person making the decision because she makes good ones.

The Freehands operate by consensus, technically. But Brin is the kind of person around whom consensus naturally forms, the way water finds a channel. She does not command. She presents reality so clearly that the correct course of action becomes obvious, and then people choose it because they can see it for themselves.

It is impressive. It is also unsustainable. One person holding together a system that should not be one person's job. If Brin gets sick, gets arrested, gets tired enough to stop—the network does not have a second Brin. The knowledge, the relationships, the daily arithmetic of scarcity that she performs in her head: none of it is written down. None of it is transferable. The Freehands have built their own single point of failure, and her name is Brin.

You write this in your ledger. You do not show it to anyone.",,,c_bo_1,Return to the safehouse.,,navigate:freehands_safehouse,,,,,,,,,,,,,,,,,,,,,,,,,,
repair_conclusion,narrative,"You return to the safehouse in the late afternoon. The light through the chandlery's high windows has gone amber, catching the chalk dust that hangs in the air like a visible measure of the day's work. Your hands ache. Your energy reserves are lower than they should be. Your ledger is fuller than it was this morning.

Brin is waiting. She has the particular stillness of someone who has been managing crises all day and has briefly run out of crises to manage. She hands you a cup of something hot. It is probably tea. The taste suggests it was tea at some point in its history and has since undergone a transformation that your alchemical training cannot fully explain.

'You have seen what we do,' she says.

You have. You have seen pipe repairs that cost three times the energy they should because the materials are not available. You have seen a load-bearing wall held together by seven conflicting repair attempts because no one had the training to do it once and properly. You have seen a water treatment system serving ninety people from a repurposed brewing vat, and a teenage girl learning reinforcement circles because the alternative is that no one in her building knows how to stop a wall from collapsing.

'Here is what you need to know.' Brin sets down her own cup and looks at you with the direct gaze of someone who has decided you are worth the truth. 'We cannot keep this up. Six months, maybe eight, before we run out of materials completely. After that, things start failing that we cannot patch. Pipes we cannot fix. Walls we cannot reinforce. The seawall.'

She lets that last word sit in the room by itself.

'Whatever you are writing in that ledger of yours, write that.'",,adjust_community_cost:-5,c_rc_1,Follow the disturbance trail.,,navigate:track_disturbance,,c_rc_2,Seek the CEA answers.,,navigate:seek_answers,,c_rc_3,Return to Brin for more.,,navigate:freehands_safehouse,,,,,,,,,,,,,,,,
night_district,narrative,"Karet Bay at night is a different district. Not better. Not worse. Different in the way a body is different when it stops holding its breath.

The shift change happened two hours ago. Workers spill from doorways in loose clusters, shoulders dropped, voices louder than they were at noon. Braziers line the main thoroughfare—improvised heating circles bolted to iron drums, burning fuel blocks that smell faintly of copper and something sweet you can't identify. The light they throw is warm and unsteady, painting the cracked walls in shades of amber that almost look like maintenance.

The maintenance hum sounds different in the dark. During the day, the collective noise of the district smooths the failures into a general drone. At night, with fewer machines running and fewer people shouting, you can hear each one individually. A water pump cycling at the wrong frequency. A structural reinforcement circle on a load-bearing wall that clicks off for two seconds every thirty. A drainage valve somewhere below the street that opens and closes with the rhythm of something breathing.

You stand at the junction of the old canal path and the fishmarket lane. To your left, the night market stretches along the canal—a chain of stalls lit by alchemical lanterns that flicker with the inconsistent fuel supply, some burning steady white, others guttering amber, a few dark entirely. To your right, the narrow streets lead deeper into the residential blocks where off-duty workers gather in taverns and doorways. Ahead, fresh ink gleams on the wall: another pamphlet, recently pasted. The ink hasn't dried.",,set_flag:night_market_visited:true,c_night_1,Visit the night market.,,navigate:night_market_entrance,,c_night_2,Follow the ink.,,navigate:ash_trail,,c_night_3,Find the dockside tavern.,,navigate:night_tavern,,c_night_4,Return to your calculations.,,navigate:worker_conversations,,c_night_5,A familiar figure falls into step beside you.,has_flag:ash_met|has_flag:night_market_visited|reputation_check:workerRep:>=:25,navigate:ash_proposition,,,,,,
night_market_entrance,narrative,"The night market runs along the old canal path like a sentence that keeps adding clauses. Stalls made of salvaged timber and canvas, lit by whatever light source each vendor could secure. The smell hits you first: fried dough, rendered fat, alchemical solder, fish paste, lamp oil. The smell of a district feeding itself after the official economy has gone home for the evening.

A woman sells dumplings from a cart with an alchemical heating circle embedded directly into the metal surface. The smell is extraordinary—garlic, ginger, something fermented that burns the back of your nose in a way that makes your mouth water. She works with the mechanical efficiency of someone who has done this ten thousand times and will do it ten thousand more.

Three stalls down, a man offers black-market fuel blocks arranged on a cloth. He doesn't call out or advertise. He doesn't need to. Everyone here knows what he sells and what it costs. The blocks are smaller than regulation and the crystalline structure is wrong—Tier 1, not Tier 2—but they'll keep a heating circle running through the night.

Two children sit cross-legged between stalls, trading comic illustrations by lantern light. The drawings are surprisingly good. One shows a figure holding up a crumbling wall. The other shows a figure in a CEA uniform walking away from the same wall. The children are laughing.

Further along, past the food vendors and the repair-supply dealers, there's a quieter stall. A woman sits behind a table covered in hand-bound booklets. No sign. No lantern brighter than necessary. The information stall.",,,c_market_1,Buy food from the dumpling vendor.,,navigate:night_market_food,adjust_energy:15|add_item:night_market_rations:1,c_market_2,Buy black-market fuel blocks.,world_check:vaelEnergy:<=:40,navigate:night_market_fuel,,c_market_3,Browse the information stall.,,navigate:night_market_info,,,,,,,,,,,,,,,,
night_market_food,narrative,"You buy four dumplings for three marks. They are unreasonably good. The wrapper is thin and slightly chewy, the filling dense with pork and scallion and something sharp that might be pickled radish. You eat them standing at the edge of the canal path while the market moves around you, and for thirty seconds you are just a person eating good food in a place that smells like good food, and nothing is failing.

The vendor—an old man with deep lines around his eyes and an alchemical heating circle embedded in his cart that he clearly maintains himself, because the inscription work is idiosyncratic but precise—watches you eat with the satisfaction of a professional.

'Twelve years,' he says, when you tell him the dumplings are good. 'Every night, right here. The district works shifts. People need to eat at 2300 as much as they need to eat at 0700. The CEA doesn't fund night services. Never has. The day-cycle economic model doesn't account for people who work after dark.' He shrugs. 'So we account for ourselves.'

He says it the way people here say most things: not as complaint, not as manifesto, just as description. The way you'd describe the weather or the tide schedule. The district's night economy exists because the official economy doesn't serve these people's actual needs, and rather than petition or protest, they simply built a parallel system. It is, from an economic standpoint, remarkably efficient.

You feel better than you have all day. The simple alchemy of hot food and a moment of stillness. Your hands have stopped shaking. You hadn't noticed they were shaking until they stopped.",,,c_food_1,Return to the night district.,,navigate:night_district,,,,,,,,,,,,,,,,,,,,,,,,,,
night_market_fuel,narrative,"Black-market fuel blocks. You shouldn't know what you're looking at, but you do, because the Academy taught you to identify fuel grades by crystalline structure and these are unmistakably Tier 1. The lattice pattern is coarser, the edges less defined. Less efficient combustion, higher waste particulate, shorter burn duration. A Tier 2 block runs a standard heating circle for eight hours. These will manage five, maybe six, and leave residue that degrades the inscription over time.

The seller is a thin man with steady hands and a face that has decided not to have an expression. He doesn't make eye contact. He arranges the blocks on their cloth with the care of someone who respects the product even if he can't respect the circumstances that created the market for it.

'Twenty-five marks per block. That's fair for what it is.'

It isn't fair. A regulated Tier 2 block costs nine marks through official channels—channels that have been empty in this district for seven months. The markup isn't greed. It's logistics: acquiring Tier 1 blocks from wherever they're being diverted, transporting them without official documentation, storing them without the proper containment circles. The cost of doing business in the gap between what a district needs and what an institution provides.

You look at the blocks. They'd work in a pinch. They'd keep a diagnostic circle running long enough to take readings in the field. They'd also identify you, to anyone who checked your kit, as someone willing to operate outside sanctioned supply chains. Which is either a liability or an asset, depending on who's checking.",,,c_fuel_1,Buy one block.,,navigate:night_district,add_item:fuel_blocks:1|adjust_energy:10,c_fuel_2,Decline.,,navigate:night_district,,,,,,,,,,,,,,,,,,,,,
night_market_info,narrative,"The information stall is run by a woman in her forties with ink-stained fingers and the unhurried manner of someone who has been paying attention for a very long time. Her table is covered in hand-bound booklets—small, dense, printed on whatever paper was available. Some pages are uniform; others are clearly salvaged from different sources, the text crammed into margins and gaps.

She calls them almanacs. They are, in fact, a one-person journalism operation.

'Water pressure readings for the last six months,' she says, tapping one booklet. 'Structural assessment summaries—not the official ones, the ones we do ourselves with borrowed equipment. Maintenance schedules the CEA stopped publishing in Month Four.' She looks at you. 'You're the Scholar. Word travels.'

You pick up the latest almanac. It's meticulously organized. Pressure readings by block and building. Structural stress indicators mapped to specific infrastructure points. Fuel allocation records reconstructed from delivery observations—someone has been counting the supply carts. The data is rough but consistent, and the trend lines are unmistakable.

'Nobody tells us anything official anymore,' she says. 'The monthly infrastructure bulletins stopped. The public maintenance logs went dark. The CEA office posts notices about transit rail schedules and leaves the rest blank. So we tell each other.' She pauses. 'Cost me about forty marks a month in paper and ink. People chip in what they can. Some months it's enough. Some months I eat less.'

She is doing, with salvaged paper and counted supply carts, what the CEA's entire district monitoring apparatus is supposed to do. The data quality is lower. The commitment is not.",,,c_info_1,Buy the almanac.,,navigate:night_district,add_item:district_almanac:1|adjust_scholar_rep:3,c_info_2,Ask her about the pamphleteer.,,navigate:ash_trail,,,,,,,,,,,,,,,,,,,,,
ash_trail,narrative,"You follow the ink.

Fresh pamphlets are pasted on walls along a specific route—not random, you realize after the third one. Deliberate. A walking argument, designed to be read in sequence by someone moving through the district at night.

The first: *The CEA redirected 340 tonnes of structural maintenance material from Karet Bay in the last fiscal year. The transit rail received 290 tonnes of supplementary allocation in the same period. These are public figures. The CEA published them. They just published them in two different reports, six months apart, in different units of measurement.*

The second: *Who decided this was acceptable? Not the Council—they weren't consulted. Not the district committee—they were informed after the fact. The decision was made by the Material Allocation Subcommittee, which has nine members, none of whom live below the third terrace.*

The third: *The Drowning of Karet Bay happened because a trade consortium redirected water for profit. The courts ruled it a crime. The legal principle was established. Three generations later, the CEA redirected the maintenance budget that keeps this district standing. The only difference is that this time, the institution doing the taking IS the institution that does the ruling.*

The writing is precise, furious, and well-informed. Whoever writes these understands the material allocation system better than most CEA administrators you've met. The arguments are structured like academic papers compressed into broadsides—thesis, evidence, implication—but the language burns where academic language merely describes.

The trail leads down the fishmarket lane, past shuttered stalls that smell of brine and old ice, to a narrow courtyard behind the last warehouse. The ink on the final pamphlet is still tacky.",,,c_trail_1,Enter the courtyard.,,navigate:ash_meeting,,c_trail_2,Wait and observe from the shadows.,,navigate:ash_observe,,,,,,,,,,,,,,,,,,,,,
ash_observe,narrative,"You wait. Old habit. The Academy teaches observation before engagement, and some lessons stick even when the textbook is closed.

You press yourself into a doorway across from the courtyard entrance. The shadows here are deep—the nearest brazier is twenty meters back, and the alchemical lantern above the fishmarket door has been dark for weeks, judging by the dust on the glass. You are, for practical purposes, invisible. You settle in and watch.

Ten minutes. The courtyard is still. A cat crosses the cobblestones with the proprietary confidence of something that owns the night. A water pipe gurgles somewhere behind the warehouse wall. The maintenance hum of the district is quieter here, muffled by the buildings, and in the silence you can hear the harbour—the slow slap of water against the seawall pilings, the creak of moored boats adjusting to the tide.

Then movement.

A figure emerges from a narrow gap between the warehouse and the adjacent building—a gap you hadn't registered as passable. Average height, hood up, moving with the specific confidence of someone who knows every exit from this courtyard and has used most of them. They carry a satchel over one shoulder. They cross to the far wall, remove a pamphlet from the satchel, apply paste with a flat brush, press the paper to the stone, and smooth it with practiced hands. The whole operation takes less than thirty seconds.

They turn to leave. They stop. They look directly at you.

'You're the Scholar. The one from this morning.' The voice is level. Neither surprised nor alarmed. The voice of someone who accounted for the possibility of being watched and has already decided what to do about it.",,,c_observe_1,Step forward.,,navigate:ash_meeting,,,,,,,,,,,,,,,,,,,,,,,,,,
ash_meeting,narrative,"Ash. That's what the workers call them, because the pamphlets look like they were printed in a forge. You can't tell their age—the hood, the dim light, the deliberate anonymity. Their posture is relaxed but not careless. The posture of someone who is always partly ready to leave.

'I've been watching you all day, Scholar.' The voice is measured, controlled. Not aggressive. 'You arrived this morning. You've taken readings at the substation, the seawall, the drainage outflows. You've talked to the dock coordinator, the Freehand elder, the workers. You've been very thorough. Very methodical.' A pause. 'Very much exactly what the system designed you to do.'

They lean against the courtyard wall. The stone behind them is covered in old paste marks—layers of pamphlets, posted and torn down and posted again. An archaeology of dissent.

'The system designed you to observe. To calculate. To quantify the damage in terms the institutions can process. And then it designed you to write a report, submit it through the proper channels, and leave.' They tilt their head. 'The report will be received. It will be acknowledged. It will be filed. And nothing will change. You know this. You've seen the filing numbers. You know how many reports Scholar Mireth has submitted about districts in structural decline.'

The courtyard is very quiet. You can hear the harbour. You can hear the maintenance hum. You can hear the click of the structural reinforcement circle on the warehouse wall cycling off and on.

'I'm curious,' Ash says. 'What you plan to do about it.'",,set_flag:ash_met:true|adjust_state_chaos:3,c_ash_1,"""What would you suggest?""",,navigate:ash_philosophy,,c_ash_2,"""I file accurate reports. That's my function.""",,navigate:ash_critique,,c_ash_3,"""You're Red Balance.""",,navigate:ash_identity,,c_am_4,"""Who are you, exactly?""",,navigate:ash_backstory,,,,,,,,,,,
ash_philosophy,narrative,"'The Weighing of Red Harrow,' Ash says, as if that explains everything. For a certain kind of person in this republic, it does.

'Everyone claims it. The CEA says Red Harrow proves that sacrifice must be managed by institutions—that without coordinated exchange, the cost falls unevenly and people die. The Freehands say it proves that sacrifice must be chosen, not assigned—that the people at Red Harrow held the line because they decided to, not because a committee calculated it was optimal.' Ash's voice sharpens. 'Red Balance says it proves that the people who created the problem should bear the cost of fixing it. That the valley was drowning because a dam was built to serve the upper settlements, and the people who built the dam should have been the ones standing in the flood.'

They look at you. The hood shadows their face but not their eyes. The eyes are very steady.

'Which version did they teach you at the Academy?'

This is not a safe conversation. Red Balance is, depending on who you ask, a political philosophy, a dissident network, or a bogeyman the CEA invokes to justify surveillance funding. Discussing it in a dark courtyard with an anonymous pamphleteer who has been tracking your movements all day is precisely the kind of thing the Academy's field safety protocols were designed to prevent.

It is also the first genuinely interesting conversation you've had since you arrived in this district. Everyone else—Toris, Mireth, even the workers—talks about the problem. Ash is talking about what to do with the problem. The distinction matters more than it should.",,adjust_state_chaos:2,c_phil_1,"""All three. We're trained to see the pattern, not pick a side.""",,navigate:ash_debate,,,,,,,,,,,,,,,,,,,,,,,,,,
ash_critique,narrative,"'Accurate reports.' Ash repeats the words back to you the way you'd repeat a diagnostic reading that confirmed a structural failure. Flat. Clinical. Conclusive.

'Scholar Mireth has filed fourteen accurate reports about districts in structural decline over the last six years. I know this because the filing numbers are public record, even if the contents aren't. Fourteen districts. Fourteen reports documenting material shortfalls, infrastructure degradation, and the specific administrative decisions that caused them.' They hold up a hand, counting. 'Do you know how many of those fourteen reports resulted in material reallocation to the affected district?'

You don't answer. You suspect you know.

'Zero.' Ash lets the word sit in the courtyard like a stone dropped into still water. 'Do you know how many resulted in promotions for the filing Scholar? Three. Mireth herself received a commendation after the Thornwall report. Excellent methodology. Comprehensive data. A model of field assessment practice.' Their voice doesn't change pitch, but something underneath it hardens. 'Thornwall's seawall collapsed eight months later. Eleven people were displaced. The commendation is still on Mireth's record.'

The silence that follows is not empty. It's full of the specific weight of a truth you've been carrying since this morning without looking at it directly.

'The system doesn't reward accurate reports, Scholar. It rewards reports that confirm what the people in power already wanted to do. Your accuracy isn't a threat to the system. It's a feature. It makes the filing process look rigorous. It makes the archive look comprehensive. It makes the inaction look considered rather than negligent.'

Ash straightens. 'Your report will be accurate. It will also be useless. Unless you make it impossible to ignore.'",,adjust_scholar_rep:-3,c_crit_1,"""Then what IS a threat?""",,navigate:ash_proposal_intro,,,,,,,,,,,,,,,,,,,,,,,,,,
ash_identity,narrative,"'Red Balance.' Ash says the name the way you'd say the name of a disease someone else diagnosed. 'Red Balance is a bogeyman, Scholar. A name the CEA uses for anyone who suggests that the people who created a problem should bear the proportional cost of fixing it. Which is—if you think about it—just equivalent exchange applied honestly. The founding principle of the republic. The thing carved into the Council Hall doors.'

They pull their hood back slightly. You still can't see much—the courtyard is too dark, and they've positioned themselves with the faint light behind them. Deliberate. Everything about Ash is deliberate.

'I write pamphlets. I document the things the institutions won't: the material allocation numbers, the maintenance shortfalls, the gap between what the CEA reports and what the district experiences. I make sure the people who live here know what's being done to them, and by whom, and according to what budget line.' They spread their hands. 'If that makes me Red Balance in the eyes of the CEA, I think that says considerably more about the CEA than it does about me.'

You note what Ash didn't say. They didn't deny the philosophy. They reframed the label. There's a difference between 'I'm not Red Balance' and 'Red Balance is a meaningless term,' and Ash chose the second.

The pamphlets on the wall behind them are layered—weeks of them, maybe months. Each one a specific argument, a specific set of numbers, a specific accusation backed by data. This is not spontaneous outrage. This is a sustained campaign by someone with access to information, the skill to contextualize it, and the patience to build an argument one broadside at a time.",,set_flag:red_balance_aware:true,c_id_1,"""But you do believe in forcing the cost onto those responsible.""",,navigate:ash_debate,,,,,,,,,,,,,,,,,,,,,,,,,,
ash_debate,narrative,"A real conversation. The kind the Academy warns you about—not because the ideas are dangerous, but because dangerous ideas presented well are harder to dismiss than dangerous ideas presented badly, and Ash presents very well.

'Equivalent exchange,' Ash says, 'properly understood, means that those who take more than their share must return it. The republic was founded on this. The Weighing was fought over this. And for one generation—maybe two—the system worked. Cost was distributed. Sacrifice was shared. The institutions existed to ensure that no one bore more than their proportion.'

They begin to pace. The courtyard is small enough that three steps take them wall to wall.

'Then the institutions grew. They accumulated power. They began to decide not just how cost was distributed but who was eligible to have cost distributed to them. And now we have Karet Bay. A district where the cost of the transit rail—which serves the upper terraces—is paid in collapsed infrastructure by people who will never ride it.'

They stop. Face you.

'The Drowning of Karet Bay happened because a trade consortium redirected water for profit. The courts ruled. The principle was established: environmental harm is harm to people. It's the law.' Their voice drops. 'And then Administrator Toris redirected the maintenance budget for the transit rail, and nobody ruled anything, because this time the institution doing the taking IS the institution that does the ruling. The court and the perpetrator are the same body.'

Ash is eloquent. Ash is dangerous. Ash might be right. The uncomfortable truth is that nothing they've said contradicts your own calculations. They've simply drawn the conclusion you've been avoiding.",,adjust_state_chaos:5,c_debate_1,"""Show me what you're planning.""",,navigate:ash_proposal_intro,set_flag:red_balance_aware:true,c_debate_2,"""I need to think about this.""",,navigate:night_district,,,,,,,,,,,,,,,,,,,,,
ash_proposal_intro,narrative,"Ash reaches into their satchel and produces a folded paper. They unfold it against the courtyard wall, smoothing the creases with the same practiced hands that smooth their pamphlets. It's a diagram—hand-drawn, densely annotated, technically precise.

The CEA material conduit system for Karet Bay and the adjacent districts. You recognize the schematic because you studied a simplified version at the Academy. This version is not simplified. This version shows every transfer node, every junction, every routing decision point. It shows the flow rates, the scheduling intervals, the maintenance windows. It shows, in red ink, the three critical transfer points where the conduit narrows to single-channel capacity.

'The supply chain has three critical transfer points in this district,' Ash says, tracing the red marks. 'Here, here, and here. Single-channel. No redundancy. If even one is disrupted—not destroyed, just disrupted—the materials stop flowing upriver for days. Maybe weeks. The transit rail project loses its supply chain. The upper terraces notice. The Council notices.'

They fold the diagram. Their movements are careful, precise. The movements of someone who understands that what they're holding is evidence of criminal intent if it's found on the wrong person.

'Long enough for someone—' they look at you, and for the first time there's something in their expression that isn't controlled, something that might be hope or might be desperation '—to file the kind of report that can't be ignored. The kind that arrives while the system is already in crisis. The kind that turns accurate data into political pressure.'

They hold the folded diagram between two fingers. 'I'm not asking you to do anything tonight, Scholar. I'm asking you to know that the option exists.'",,set_flag:ash_plan_seen:true,c_prop_1,Take a copy of the diagram.,,navigate:night_conclusion,add_item:ash_contact_token:1,c_prop_2,Decline.,,navigate:night_conclusion,,,,,,,,,,,,,,,,,,,,,
night_tavern,narrative,"The dockside tavern at night is a different creature from the one you sat in during the evening. The same room, the same tables, but the population has shifted. The after-shift crowd is here now—louder, looser, drinking the cheap ale that tastes like someone described hops to a person who had never encountered them and then that person brewed a beer.

You find a corner. The tavern is warm with bodies and brazier heat, and the noise wraps around you like insulation. Nobody bothers you. A Scholar in a dockside tavern at night is unusual enough to notice and unremarkable enough to ignore—you're clearly not CEA enforcement, and you're clearly not buying enough ale to matter economically.

A woman near the bar is telling a story to a group of younger workers. Her voice carries the rhythm of a tale told many times—not rehearsed, exactly, but worn smooth by repetition, the way water wears stone. She's telling them about the Weighing of Red Harrow.

Her version is different from the Academy's version. You learned it as a case study in coordinated sacrifice: the mathematical proof that distributed cost saves more lives than concentrated heroism. The optimal solution. The version that justified the creation of the CEA and the entire institutional framework of the republic.

Her version doesn't mention optimization. In her version, the people who held the line at Red Harrow didn't do it because they calculated it was the most efficient distribution of sacrifice. They did it because the water was rising and their neighbors were in the valley and they couldn't stand on the ridge and watch. It wasn't math. It was the thing that comes before math—the thing that math was invented to describe and manage and, eventually, replace.",,adjust_worker_rep:3,c_tavern_1,Listen to the rest of the story.,,navigate:night_tavern_story,,,,,,,,,,,,,,,,,,,,,,,,,,
night_tavern_story,narrative,"The woman finishes her story. The ending is different too.

In the Academy version, the Weighing succeeds. The cost is distributed. The valley is saved. The principle of equivalent exchange is proven, and the republic builds its institutions on the foundation of that proof. It's a triumph of rational governance. It's the reason you have a job.

In her version, the Weighing succeeds, but the people on the ridge don't come down for three days. They can't. The alchemical exchange drained something from them that doesn't have a name in the official reports—not energy, not vitality, something else. Something the calculations didn't account for. 'My mother said her grandmother didn't sleep right for two years after,' the woman says. 'Said she'd wake up reaching for something that wasn't there. The cost they talk about in the history books—the fuel, the circles, the measured exchange—that's the cost they could count. The other cost, they just stopped mentioning.'

The younger workers are quiet. The tavern noise fills the silence around their table like water around stones.

One of them says: 'My grandmother was at Red Harrow.'

Another: 'Everyone's grandmother was at Red Harrow.'

The first: 'No. Not everyone's. Some people's grandparents were in the valley, being saved. That's who runs the Council now. The saved ones. The ones who stood on dry ground while other people held the water back.' A pause. 'Funny how that works.'

The tavern is quiet for a long time after that. The ale tastes the same. Everything else tastes different.",,,c_story_1,Return to the night.,,navigate:night_conclusion,,,,,,,,,,,,,,,,,,,,,,,,,,
night_conclusion,narrative,"You walk back through the night district. The hour is late enough that the market stalls are closing—vendors packing their wares into crates, folding canvas, banking the coals in their brazier drums. The night economy retreating until tomorrow's night shift creates tomorrow's demand.

The lanterns are dimmer now. Some have run out of fuel entirely—dark spots in the chain of light along the canal path where the district simply stops being visible. A maintenance circle on a water pipe flickers amber, fails, holds dark for three seconds, restarts with a sound like a caught breath. Further on, a structural reinforcement band on a tenement corner glows its steady blue, then dims, then brightens, then dims again—a pulse that looks almost organic, almost alive, almost like the building is breathing.

The district's infrastructure hums its broken song, and in the dark, without the daytime noise to mask it, you can hear every failing note. The water pump cycling wrong. The drainage valve breathing. The structural circles flickering on and off like a heart with an irregular rhythm. Each one a small failure. Each one acceptable on its own. Each one part of a pattern that, taken together, spells something your calculations have already named.

You know more than you did this morning. You know the numbers, the politics, the human cost that doesn't fit in a ledger column. You know what Ash is planning. You know what the workers endure. You know what the woman at Red Harrow understood that the Academy's version leaves out.

You're not sure any of it helps. You're not sure it doesn't. The seawall hums in the dark, and you walk toward whatever comes next.",,,c_conc_1,Return to your calculations.,,navigate:vael_alone_evening,,c_conc_2,Check on the seawall now.,has_flag:revelation_complete,navigate:race_to_seawall,,,,,,,,,,,,,,,,,,,,,
seawall_deep_approach,narrative,"You burn a fuel block. Not a partial activation, not a measured discharge—a full Tier 2 block, fed into your diagnostic plate until the copper housing glows amber and the readout matrices reach maximum penetration depth. Extravagant. The kind of expenditure that would make Mireth's left eye twitch if she were watching.

She is not. The stone is.

The scan punches through thirty feet of reinforced masonry and into the foundation bedrock below the waterline. You crouch at the wall's base where the stone meets the harbor mud, boots sinking into the kind of slick grey sediment that suggests a long and committed relationship between this district and the concept of drainage failure.

The readout builds. Layer by layer, the seawall's internal structure resolves on your plate like a patient presenting symptoms they have been hiding for months.

It is worse than the surface assessment suggested.

The surface cracks you documented earlier are cosmetic compared to what is happening underneath. The structural matrices in the foundation stone—the deep alchemical bonds that hold the entire wall together—are degrading from the inside out. Not uniformly. Not from age. From something active, something chemical, something that is eating through the wall's foundations the way a slow acid eats through a beaker: invisibly, completely, and with absolute indifference to whatever the beaker was supposed to be holding.

You have two options for where to look next. Neither promises good news. The foundation circles below, where the original maintenance work was done. Or the drainage intake, where whatever is killing this wall is getting in.",,adjust_energy:-8|remove_item:fuel_blocks:1,c_sdappr_1,Examine the foundation circles below.,,navigate:seawall_foundation,,c_sdappr_2,Check the drainage intake.,,navigate:seawall_drainage,,,,,,,,,,,,,,,,,,,,,
seawall_foundation,narrative,"The foundation circles are beautiful work. Even failing, even corroded, you can see the precision of their original inscription—the clean geometric proportions, the efficient fuel routing, the structural harmonics tuned to reinforce the stone's natural crystal lattice. This is Tier 2 work by someone who understood that Tier 2 is not a ceiling but a discipline. Kaelen's father's generation. People who built things to last because the alternative was the bay coming in.

The circles are dying.

Not from age. Not from fuel starvation, though that would have killed them eventually. From chemical attack. The toxic compounds seeping through the drainage system have been dissolving the inscribed matrices—literally eating the alchemical patterns out of the stone. You can see the boundary with painful clarity: healthy stone on one side, still resonant with decades-old circle work, and corroded stone on the other, where the inscription channels have been reduced to shallow, meaningless grooves.

You run your calipers along the boundary line. It has advanced eleven centimeters in the last six months. You calculate the rate against the remaining healthy stone and the result sits in your ledger like a diagnosis you did not want to write.

Cascade failure threshold: three to five weeks at current degradation. Not months. Not a problem for the next assessment cycle. A problem for the people sleeping above this wall right now.

The circles were designed to hold for decades. They held. What they were not designed to hold against was the district's own drainage system being turned into a delivery mechanism for their destruction.",,,c_sfound_1,Map the failure points in detail.,,navigate:seawall_failure_map,add_item:structural_survey:1,c_sfound_2,Return to the surface.,,navigate:seawall_deep_conclusion,,,,,,,,,,,,,,,,,,,,,
seawall_drainage,narrative,"The drainage intake is a square aperture at the wall's foundation level—two feet across, fitted with a corroded iron grate, and currently delivering a slow but steady flow of fluid that your diagnostic plate identifies as containing seventeen distinct chemical compounds, none of which belong in a structural foundation's water supply.

You take samples. Your plate catalogues them with the dispassionate thoroughness of an instrument that does not have opinions about what it measures. Copper sulfate derivatives. Catalyst breakdown products. Residual bonding agents. The chemical signature is unmistakable: this is drainage network output. The same contaminated water flowing through the district's underground conduits—the same system carrying Elara's purifier byproducts if her operation is running, the same system backed up with seven months of industrial runoff that the maintenance budget used to handle and no longer does.

The seawall is drinking it.

The intake was designed for clean groundwater—a passive hydration system that kept the foundation stone's alchemical matrices at optimal moisture levels. An elegant piece of engineering, from an era when the drainage network delivered clean water because someone was paying to keep it clean. Nobody redesigned the intake when the water changed. Nobody thought to. The maintenance schedules that would have flagged the contamination were the same schedules that were defunded when the materials were redirected to the transit rail.

One decision caused another caused another, and now the wall that protects six thousand people is slowly dissolving itself from the bottom up, one drainage cycle at a time. You document everything. The plate does not editorialize. You do.",,set_flag:seawall_surveyed_deep:true,c_sdrain_1,Seal the intake temporarily.,,navigate:seawall_seal_attempt,adjust_energy:-12|adjust_stability:5,c_sdrain_2,Document everything and continue.,,navigate:seawall_deep_conclusion,add_item:structural_survey:1,,,,,,,,,,,,,,,,,,,,
seawall_failure_map,narrative,"Two hours. You spend two hours in the dark, wet foundation zone of the Karet Bay seawall, pressing your diagnostic plate against stone after stone, mapping every point where the structural matrices have degraded past recovery threshold.

Your hands go numb from the cold water. Your knees ache from crouching on uneven substrate. Your fuel reserve drops to levels that would concern you if you were thinking about yourself, which you are not, because the data is building a picture and the picture is the kind of thing that does not let you stop looking.

One hundred and forty-seven failure points. You map each one. Location, depth, degradation percentage, projected timeline to cascade. Your diagnostic plate builds a structural profile of the entire foundation—a three-dimensional model of decay that has never existed before in any CEA file, any maintenance report, any assessment document.

Because no one assessed it. Because the assessment budget was cut. Because the assessment budget was redirected to the transit rail. Because the transit rail was deemed higher priority by people who do not live behind this wall.

The data is not ambiguous. The seawall's maintenance was not merely neglected. It was actively undermined by drainage contamination that was itself a direct consequence of the infrastructure cuts that defunded the drainage maintenance that would have prevented the contamination. Each failure feeds the next. The cost did not accumulate—it compounded.

You close your ledger. Your hands are shaking, but the map is complete. The first honest structural assessment of the Karet Bay seawall exists now, in your handwriting, on a diagnostic plate that cost more fuel than this district's monthly allocation. Nobody asked for it. The data does not care.",,adjust_scholar_rep:5,c_sfmap_1,Return to the surface.,,navigate:seawall_deep_conclusion,,,,,,,,,,,,,,,,,,,,,,,,,,
seawall_seal_attempt,narrative,"You draw the containment circle on the stone around the drainage intake. The same principle Elara used for her water purifier—isolation, filtration, containment—but at a scale that makes her basement operation look like a sketch compared to a mural.

Your chalk moves with the steady precision of three years' training. The circle has to be large enough to encompass the entire intake, strong enough to resist the constant water pressure, and complex enough to filter the seventeen chemical compounds your plate identified. You are designing a circle you have never drawn before, in conditions that would make your Academy instructors file a formal objection, using fuel reserves you cannot afford to spend.

You spend them.

The activation pulls from your personal energy reserves like a tide pulling at a shoreline—steady, inevitable, erosive. The circle ignites in pale amber light, the containment matrices interlocking around the drainage intake. Water still flows through, but the chemicals hit the filtration layer and stop. The toxic compounds precipitate out of solution, crystallizing on the circle's inner surface like frost on a window.

The circle holds. The intake is sealed. Clean water passes through; poison does not.

It will not reverse the damage already written into the foundation stone. Those failure points are permanent scars. But the degradation rate will slow from weeks to months—maybe longer, if the circle holds and someone maintains it.

Your hands are shaking. Your vision softens at the edges, the world acquiring the particular blur of someone who has spent more energy than they had. You lean against the cold stone and breathe.

The wall holds you up. You suppose that is fair. You just did the same for it.",,adjust_energy:-15|adjust_stability:8|add_item:structural_survey:1,c_sseal_1,Return to the surface.,,navigate:seawall_deep_conclusion,,,,,,,,,,,,,,,,,,,,,,,,,,
seawall_deep_conclusion,narrative,"You climb the access ladder on arms that feel like they belong to someone who has been doing this much longer and complaining about it much less. The surface air hits you like a reminder that the world above the waterline still exists and still has opinions about what you should do next.

The harbor stretches out before you—grey water, grey sky, the distant geometry of the transit rail catching what passes for light in this district. Below your feet, behind the stone you were just touching, the seawall's foundations are quietly failing. You know the exact rate. You know the exact cause. You know, within a margin of error that would satisfy any assessment board, exactly when the cascade failure will begin.

That knowledge sits in your chest like a stone of its own.

The seawall's condition is worse than anyone in this district knows. Worse than the CEA's projections account for. Worse than Toris's comfortable fifteen-percent failure model suggests. You have the data. You have the structural survey. You have, in your ledger and on your diagnostic plate, the most complete picture of Karet Bay's infrastructure crisis that exists anywhere.

What you do not have is a clean answer for what comes next.

The question of the wall felt abstract this morning, when it was numbers in a briefing and a line on Mireth's assignment sheet. It feels less abstract now. You can still feel the cold stone under your palms. You can still hear the deep groan of a structure that is holding because it was built by people who built things to hold, and it is running out of reasons to keep doing so.",,,c_sdeep_1,Follow the disturbance trail.,,navigate:track_disturbance,,c_sdeep_2,Go to the CEA district office.,,navigate:seek_answers,,,,,,,,,,,,,,,,,,,,,
scholar_camp,narrative,"The field camp is a folding desk, a stack of diagnostic plates in varying states of depletion, and a fuel inventory that consists of two Tier 1 blocks and a piece of chalk that has been sharpened to a point suggesting either extreme precision or extreme scarcity. Probably both.

A Scholar sits behind the desk—thirty-five, maybe, with the lean economy of someone who has been doing fieldwork long enough that the field has started doing work on them. Thin fingers, precise movements, the focused expression of a person running calculations they finished in their head ten minutes ago and are now merely confirming on paper for the benefit of the institutional record.

They look up as you approach. The assessment takes about two seconds: your kit, your seal, your age, your posture. You have the impression of being measured, found adequate, and filed.

'Mireth's new one. She mentioned you might come around.' The voice is flat. Not unfriendly. Just calibrated for efficiency, the way a diagnostic plate is calibrated—giving you exactly the information you need and nothing you do not. 'Scholar Nev. I'd shake hands, but mine have chalk dust on them and yours probably do too.'

Their desk is covered in material flow charts—lines of supply and demand drawn in blue and red ink, converging and diverging across a district map that has been annotated to the point of illegibility by anyone who is not the person who annotated it. The work is meticulous. The conclusions, from what you can see, are devastating.

Nev follows your gaze to the charts and shrugs. 'Welcome to the pattern. It gets worse the more you look at it.'",,set_flag:nev_met:true,c_scamp_1,Introduce yourself properly.,,navigate:nev_introduction,,c_scamp_2,Ask about their assignment.,,navigate:nev_assignment,,c_scamp_3,Ask about the equipment outside the CEA office.,,navigate:nev_equipment,,,,,,,,,,,,,,,,
nev_introduction,narrative,"'Scholar Nev. Seven years in field evaluation. Currently auditing material flow for the harbor authority—which means I am documenting things I am not allowed to change, for people who are not going to read them.'

Nev says this without bitterness. It is a measurement, not a complaint. The same tone your diagnostic plate uses when it reports structural failure: here is what is happening, expressed in units that do not care about your feelings.

They look at your ledger—the open pages, the fresh annotations, the particular density of someone who has been writing all day and has not stopped finding things to write about. 'How far into your assessment are you?'

You tell them. The crane. The material grades. The seawall readings. The warehouse manifests, if you found them. The drainage network. Elara's purifier. The whole picture, or as much of it as you have assembled in a single day that feels like it started approximately one geological epoch ago.

Nev listens without interrupting. When you finish, they nod—not surprised, not impressed, just confirming.

'Yes. That's the pattern.' They tap a red line on their district map. 'I have seen it in two other districts. Venmere and Thornside. Same budget mechanism, same material redirection, same downstream infrastructure degradation. It usually takes about three months longer than this to get this bad.'

They look at you. The expression is not pity. It is recognition—one surveyor acknowledging another, standing at the edge of the same data and looking down at the same conclusion.

'Karet Bay is ahead of schedule. That is not a compliment.'",,adjust_scholar_rep:5,c_nevint_1,Three months—what happens then?,,navigate:nev_pattern,,c_nevint_2,Return to the CEA building.,,navigate:cea_building_exterior,,,,,,,,,,,,,,,,,,,,,
nev_assignment,narrative,"Nev turns their district map toward you and taps a series of red lines that converge on a single point in the upper city.

'Material flow audit. Harbor authority commissioned it six weeks ago—someone noticed the maintenance budgets were not balancing, which is bureaucratic for things are falling apart and we would like to know whose signature is on the falling-apart form. My job is to follow the materials from source to destination and document where the numbers stop matching reality.'

They trace a line from Karet Bay upward through three intermediate distribution nodes to the Highpoint Transit Rail.

'The transit rail project is consuming three hundred and forty percent of its original material budget. Not a typo. Not a rounding error. Three hundred and forty percent. That budget is coming from somewhere, and the somewhere has names and addresses and people living in it.'

They show you the full map. Lines drawn from six districts—six—all converging on the rail project like tributaries feeding a river that only flows uphill. Karet Bay. Venmere. Thornside. Oldgate. The Millworks. Duskwater. Each one a district where maintenance budgets were quietly redirected, where infrastructure assessments were delayed or cancelled, where the slow arithmetic of deprivation is working its way toward a structural conclusion.

'You have been looking at one district,' Nev says. 'I have been looking at six. The picture is the same at every scale. The only thing that changes is the size of the number at the bottom.'

They slide a summary page across the desk. 'Karet Bay is the worst. You are not wrong about that. But it is not alone.'",,add_item:nev_analysis:1,c_nevasn_1,Share your warehouse findings.,has_item:warehouse_manifest,navigate:nev_comparison,,c_nevasn_2,Ask about the other districts.,,navigate:nev_other_districts,,,,,,,,,,,,,,,,,,,,,
nev_equipment,narrative,"'The equipment?' Nev glances across the street at the field kit stacked against the CEA office wall—diagnostic plates, calibration tools, a fuel case that nobody has opened or collected. 'Yes. That was here when I arrived three days ago. Different Scholar. Recalled to the capital before finishing their assessment.'

They say 'recalled' the way you might say 'rained'—as a weather event, impersonal and predictable.

'It happens. The institution sends someone to evaluate a district. The evaluation starts producing data that contradicts the approved narrative. The Scholar gets reassigned to a project that requires their specific expertise somewhere else. The assessment goes into the pending file, which is the institutional equivalent of a shallow grave with good drainage.'

Nev picks up a diagnostic plate, examines it, sets it down. The gesture is habitual—a Scholar who cannot stop assessing things, even when the thing being assessed is the absence of another Scholar.

'The equipment stays because no one was sent to collect it. That is how you know a district has been written off. When a district matters, someone comes for the equipment. When it does not, the equipment becomes furniture.' They look at you with the particular steadiness of someone delivering a professional observation. 'You are here because Mireth sent you with specific authorization. That means someone with enough institutional weight decided Karet Bay deserves a second look. Or it means Mireth decided that on her own, which is more interesting and considerably more dangerous.'

They return to their calculations. The equipment across the street continues to wait for no one.",,,c_neveq_1,Return to the field camp.,,navigate:scholar_camp,,,,,,,,,,,,,,,,,,,,,,,,,,
nev_pattern,narrative,"'Three months from now—' Nev holds up a hand, counting on thin fingers. 'Something structural fails. A wall. A pipe. A crane.' They glance at you. 'A seawall, perhaps. Someone gets hurt or killed. The CEA investigates. The investigation report says inadequate maintenance led to structural failure.'

They lower one finger.

'Nobody writes inadequate maintenance was the direct and documented consequence of a budget reallocation that I personally signed off on. Nobody writes the maintenance was defunded to pay for a transit rail that serves a district where no one has ever needed to boil their water before drinking it. Nobody writes I knew the exchange rate and I accepted it because the people paying the cost do not attend the same meetings I do.'

Another finger.

'The passive voice is doing extraordinary work in these reports. Materials were redirected. Maintenance schedules were adjusted. Infrastructure assessments were deferred. Were. By whom? The passive voice is the bureaucratic equivalent of fog—everything is happening, nothing is being done, and certainly nobody is doing it.'

Nev looks at you. Not with anger. With the precise, exhausted clarity of someone who has watched this happen before and documented it correctly and changed nothing.

'Your report will be accurate. Mine will be accurate. And the transit rail will be finished on schedule. And six months after that, someone will stand in the ribbon-cutting photograph and talk about progress. And Karet Bay will still be here, running on paste and chalk and whatever Elara can keep running in her basement.' They pause. 'Or it will not be here. Depends on the wall, I suppose.'",,adjust_state_chaos:3,c_nevpat_1,That is not acceptable.,,navigate:nev_argument,,c_nevpat_2,You have accepted that?,,navigate:nev_acceptance,,,,,,,,,,,,,,,,,,,,,
nev_argument,narrative,"'That is not acceptable.'

You say it before you have finished thinking it, which is not how you were trained to communicate. The Academy teaches measured responses. Calibrated language. The precise delivery of conclusions supported by evidence. What you just said is an opinion—raw, unweighed, the kind of statement that a first-year would make before learning that opinions are liabilities in institutional assessment.

Nev does not flinch. They look at you the way a surveyor looks at a crack in a wall—noting it, measuring it, determining whether it is structural.

'No,' they say. 'It is not. That is the correct assessment. The question is not whether it is acceptable. The question is what you are willing to exchange for making it unacceptable to someone who matters.'

They tap their material flow chart. 'I have filed fourteen reports in seven years. Three were implemented. Two of those were implemented incorrectly, which created new problems I then had to document. The third was implemented correctly and then defunded eighteen months later when the budget cycle changed.' They look at you. 'Acceptable is not a moral category. It is an institutional one. Institutions accept things that individuals cannot, because institutions do not sleep in the buildings they are defunding.'

The silence between you has the specific weight of two people who agree on the problem and disagree on what agreement requires.

'If you have got something stronger than outrage,' Nev says, 'I am listening. Outrage is a fuel block—it burns hot, but it does not last. Evidence lasts. Documentation lasts. What is in your ledger?'",,,c_nevarg_1,Share your warehouse findings.,has_item:warehouse_manifest,navigate:nev_comparison,,c_nevarg_2,Regroup—you need Senna's manifests before you can make this conversation stick.,,navigate:cea_building_exterior,,,,,,,,,,,,,,,,,,,,,
nev_acceptance,narrative,"'You have accepted that?'

Nev's expression does not change. But something behind it shifts—a recalculation, the way a structural reading changes when you apply a different load assumption.

'Accepted is an interesting word,' they say. 'I accept that water flows downhill. I accept that fuel blocks have a finite energy yield. I accept that institutional inertia is a measurable force with predictable effects on material allocation.' They pause. 'I do not accept that six districts should be stripped to fund a rail line. I simply measure the distance between what I do not accept and what I can change, and I work within that distance.'

They hold up their material flow charts—six weeks of meticulous documentation, blue and red ink marking supply lines like veins and arteries in a system that is slowly bleeding out.

'This is not acceptance. This is preparation. Every data point I record is a brick in a wall that someone, eventually, can use to build something. Maybe that someone is me. Maybe it is you. Maybe it is a Scholar twenty years from now who pulls my report out of a dusty archive and says: someone saw this, someone wrote it down.'

Nev sets the charts back on the desk with the care of someone handling something that matters more than it weighs.

'Seven years teaches you the difference between giving up and taking the long measurement. I measure. I document. I file reports that no one reads, because the day someone reads them, the data needs to be there.' They look at you directly. 'What I have not done—what I have been waiting for—is someone with fresh data and enough institutional backing to turn documentation into action. So. What have you got?'",,,c_nevacc_1,Share your warehouse findings.,has_item:warehouse_manifest,navigate:nev_comparison,,c_nevacc_2,Return to the CEA building.,,navigate:cea_building_exterior,,,,,,,,,,,,,,,,,,,,,
nev_other_districts,narrative,"Nev pulls the map closer and taps each district in turn.

'Venmere—portside, same type of maintenance work as here. Their crane network has been running on Tier 0 fuel for four months. Two failures last week, both logged as operator error.' A finger moves north. 'Thornside—residential, mostly. Their water treatment circles failed in autumn. The repair materials were requisitioned, approved, and then diverted at the distribution node. The approval still exists. The materials do not.'

They continue. Oldgate—industrial, where the bonding paste mills are producing at half capacity because the input materials were redirected. The Millworks—the irony is not lost on Nev; the district that manufactures infrastructure materials cannot get infrastructure materials for its own maintenance. Duskwater—the newest settlement on the list, where the damage is still early enough that the residents have not yet realized the maintenance schedule they were promised is not coming.

'The pattern is identical at every scale. Materials are requisitioned for maintenance. The requisition is approved. The materials are redirected at the distribution stage to the transit rail project. The district receives either degraded substitutes or nothing. The maintenance schedules adjust around the shortage. The infrastructure degrades. The degradation compounds.'

They tap Karet Bay on the map. A red circle, darker than the others, annotated with numbers you can read from here.

'Yours is the worst because yours has the seawall. The other districts will fail slowly—pipes, walls, cranes, one at a time, each one filed as an isolated incident. Karet Bay fails all at once, because the seawall is a single point of failure for six thousand people.' They look at you. 'You know that already. You have data I do not. The question is whether we combine what we have.'",,,c_nevod_1,Share your warehouse findings.,has_item:warehouse_manifest,navigate:nev_comparison,,c_nevod_2,Return to the field camp.,,navigate:scholar_camp,,,,,,,,,,,,,,,,,,,,,
nev_comparison,narrative,"You open your ledger and lay out the warehouse manifests—the material grade records, the substitution documentation, the delivery schedules showing Tier 2 materials signed for and Tier 0 materials actually delivered.

Nev leans forward. Their eyes move across the documents with the specific intensity of someone seeing data they have been missing for six weeks. They pull out their own material flow charts—the supply chain traced from the distribution end—and begin laying them alongside yours.

'You documented the receiving end,' they say. 'I documented the sending end. Together—'

They align the timelines. The numbers match. Not approximately. Not within acceptable variance. Exactly. Every material shipment that left the central depot marked for Karet Bay matches a delivery record showing degraded substitutions. Every reallocation Nev traced to the transit rail corresponds to a shortage you found in the warehouse. The two data sets interlock like two halves of a diagnostic reading.

'This is good work,' Nev says, and means it. You can tell because they say it the same way they say everything else—as a measurement, not a compliment. 'Together, these two data sets are proof. Not a pattern. Not a suggestion. Not concerning indicators that warrant further review. Proof. Documented, timestamped, independently verified proof that the material reallocation was systematic, deliberate, and directly responsible for the infrastructure failure in this district.'

They look at you carefully. The expression is not excitement. It is the face of someone standing at the edge of a decision they have been avoiding for seven years.

'The question is what you do with proof in a system that was designed to produce the problem you have just proved.'",,add_item:nev_analysis:1,c_nevcomp_1,We submit a joint report.,,navigate:nev_joint_report,,c_nevcomp_2,I will handle this my way.,,navigate:nev_farewell,,,,,,,,,,,,,,,,,,,,,
nev_joint_report,narrative,"Nev is quiet for a long time. The diagnostic plates on their desk catch the late light. Outside, the CEA building sits with its polished seal and its maintained walls and its filing system designed to receive exactly the kind of information you are proposing to generate.

'A joint report carries more weight,' they say, finally. 'Two independent field evaluators, different assignments, different methodologies, reaching the same conclusion from opposite ends of the supply chain. The Academy cannot file that in pending review. The Council cannot dismiss it as a single-observer anomaly. It would be the most comprehensive infrastructure failure documentation produced in—' They stop. Calculate. 'In twelve years. Since the Venmere Port Collapse report, and that one took six months and two fatalities before anyone listened.'

They pause again. The pause has a different texture this time—not calculation but cost assessment.

'It would also put both of us on formal record as directly contradicting the CEA's budget narrative. You understand what that means for a career. Mireth has institutional cover. We do not. A joint report names us both. It says: these two Scholars looked at the system and found it broken, and they are telling you it is broken, with their names attached.'

Nev looks at the ceiling. Then at you.

'I will co-sign.' The decision lands like a measurement being recorded—final and precise. 'But only if your evidence is complete. Every data point verified. Every timeline cross-referenced. I do not put my name on anything that has gaps, because gaps are where institutions hide. You give me complete data, I give you my signature. That is the exchange.'

They extend a hand. Chalk dust and all.",,set_flag:nev_joint_report:true|adjust_scholar_rep:10|adjust_cea_rep:-5,c_nevjr_1,Return to the investigation.,,navigate:cea_building_exterior,,,,,,,,,,,,,,,,,,,,,,,,,,
nev_farewell,narrative,"Nev nods. The gesture is precise—neither disappointed nor relieved. It is the acknowledgment of a measurement taken and a conclusion reached, by someone who respects the process regardless of the outcome.

'Then do it properly.' They return their attention to the material flow charts as though the conversation has been filed and they are already working on the next calculation. Then they stop. Look up again. The pause has the quality of something they have been saving—a piece of professional advice that has cost them something to learn and costs them something to share.

'I have seen three Scholars break against this system. Three good ones—thorough, principled, the kind the Academy points to during graduation speeches and then sends into districts that will test every principle they were taught.'

They hold up three fingers.

'Two of them broke because they were not thorough enough. They had the right conclusions but insufficient evidence, and the institution used the gaps to disqualify the whole. If you are going to challenge a system, your documentation has to be airtight. Perfect. The kind of evidence that a review board cannot dismiss and an Overseer cannot reframe.'

One finger remaining.

'One broke because she was too thorough and not careful enough about who she showed it to. She gave her complete assessment to the wrong intermediary, and the data was quietly reclassified before it reached anyone who could act on it. Thoroughness without strategy is just ammunition for the other side.'

They lower their hand. Pick up their chalk. The conversation is over.

'Good luck, Scholar. File everything. Trust the right people. And keep a copy somewhere they cannot reach it.'",,add_item:nev_analysis:1,c_nevfw_1,Return to the CEA building.,,navigate:cea_building_exterior,,,,,,,,,,,,,,,,,,,,,,,,,,
evacuation_coordination,narrative,"The decision makes itself the moment you stop pretending there is time for a better one. The seawall's timeline is measured in hours now, not days. The CEA operates in business days. The arithmetic is simple and devastating: official channels will not produce a response before the bay produces a catastrophe.

The district needs time. You can buy it, but not alone.

You cross the dark streets at a pace between running and the measured stride of someone who is trying very hard not to run because running causes panic and panic is a cost you cannot afford to add to the ledger tonight. The Freehands safehouse is fourteen minutes away. You have walked this route before, in daylight, with different urgency. The buildings look different at 0200—darker, more honest, the repairs and patches visible as shadows instead of details.

Brin answers her door with the expression of someone who has been expecting this knock. Not tonight, specifically. But eventually. She is wearing a coat over sleep clothes and has already put her boots on, which tells you everything about how long she has been awake and how much she has been listening to the district's walls.

'How bad?'

'Weeks, not months. Maybe days. The foundation survey—'

'I do not need the methodology. How bad?'

'The lower section will fail first. The tenements along the eastern waterfront. Six thousand people in the surge zone.'

She does not waste time asking questions she knows you have already answered for yourself. She looks past you into the dark street and her face does the same calculation yours did twenty minutes ago. Then she steps back from the door.

'Come in. We need to move fast.'",,,c_evac_1,Coordinate through the Freehands network.,,navigate:evac_freehands,,c_evac_2,Alert Kaelen's dock crew.,has_flag:pattern_discovered,navigate:evac_kaelen,,c_evac_3,Call the CEA emergency line—put the failure on record before you improvise.,,navigate:evac_official,,,,,,,,,,,,,,,,
evac_freehands,narrative,"Brin activates the network. You watch it happen and understand, for the first time, what the Freehands actually are.

Not a repair collective. Not an underground charity. An infrastructure. A living, functioning infrastructure built from trust and proximity and the simple accumulated fact of people who have been relying on each other because nobody else was reliable. The network Brin activates in the next sixty minutes is more responsive, more efficient, and more precisely targeted than anything the CEA could deploy in six hours.

Runners move through the district—quiet, purposeful, waking specific people who can wake other specific people. No announcements. No panic. No official channels, because official channels would require authorization that would require review that would require the very system that created this crisis to acknowledge that the crisis exists, and the wall does not have time for institutional self-awareness.

Instead: a knock on a door. A few words. A nod. A family packing a bag. A neighbor checking on an elderly couple. A mother carrying a sleeping child toward the high ground, guided by someone who knows which streets flood first because they have lived here long enough to learn what the maintenance schedules should have prevented them from needing to know.

By 0300, the lower waterfront tenements are emptying. Not fast enough for your calculations. Fast enough for the reality.

Brin coordinates from her kitchen table with a map and a piece of chalk and the calm, focused intensity of someone who has been preparing for a night like this without knowing she was preparing. The Freehands network was built for repair work. Tonight it becomes an evacuation chain, and the transition is seamless, because the skills are the same: assess the damage, move the resources, protect the people.",,,c_evfh_1,Help coordinate the evacuation.,,navigate:evac_coordination_detail,adjust_freehands_rep:10,c_evfh_2,Go to the seawall.,,navigate:final_assessment,,,,,,,,,,,,,,,,,,,,,
evac_kaelen,narrative,"The docks never fully sleep. Kaelen is there—night shift, hauling cargo that does not stop needing to move just because it is dark, performing the kind of labor that exists in the gap between what the schedule demands and what the body can provide.

He sees you coming. Reads your face. Does not ask for your calculations or your evidence or your institutional authority—reads your face the way he reads a load-bearing structure, the way his father read the seawall's circles, with the practiced assessment of someone who understands stress in materials and in people.

'How many hours?'

'Maybe twelve. Maybe less. The lower section will go first—the eastern waterfront tenements.'

He turns to his crew without hesitation. Eight dock workers, mid-shift, exhausted from hours of labor that was already underpaid and under-resourced. He does not explain. He does not justify. He does not ask permission from an authority that has never asked permission from him.

'Everyone stops what they are doing. We are moving families to the upper warehouse.'

And they move. The dock workers become an evacuation team without formal authorization, without an institutional mandate, without a single piece of paperwork establishing their credentials for the task. They become it because the task exists and they are here and the people who are supposed to do this are not. The transition is immediate—from cargo to people, from commerce to survival, from the work they are paid for to the work that needs doing.

Kaelen organizes it with the same efficiency he brings to everything: clear, physical, direct. Teams of two for each tenement block. Elderly and children first. Load-bearing routes only—no shortcuts through structures he does not trust. He knows which buildings to trust. He knows which ones are held together by habit.",,,c_evkl_1,Help coordinate the evacuation.,,navigate:evac_coordination_detail,adjust_worker_rep:10,c_evkl_2,Go to the seawall.,,navigate:final_assessment,,,,,,,,,,,,,,,,,,,,,
evac_official,narrative,"You dial the CEA emergency line. It rings four times. A night clerk answers with the practiced flatness of someone paid to receive information between the hours of midnight and six, in a system that does not expect actionable information to arrive during those hours.

You provide your Scholar identification. Your field assessment number. The seawall structural data. The projected failure timeline. The surge zone population estimate. You provide it clearly, precisely, in the measured language of institutional communication, because the system requires measured language and you are, despite everything, still trained to speak its dialect.

The clerk takes your report. Reads it back to you with meticulous accuracy.

'A junior field evaluator is predicting imminent seawall failure based on an unauthorized independent assessment conducted outside normal operational hours.'

The silence that follows is the sound of a system processing information it was not designed to receive. Not because the information is wrong. Not because the system cannot understand it. Because the system's architecture routes emergency data through the same approval channels as routine data, and those channels operate on a schedule that was designed for a world where emergencies have the courtesy to occur during business hours.

'I will file this with the morning shift,' the clerk says. They are not being negligent. They are following procedure. The procedure was not built for this.

You hang up. The line goes dead with a soft click that sounds exactly like a door closing. Official channels have been notified. Official channels will respond at official speed. The bay operates on bay time, and bay time does not wait for an authorization stamp.

You put down the receiver. You have complied with institutional protocol. Now you comply with the wall.",,adjust_cea_rep:-5|adjust_state_chaos:5,c_evoff_1,Coordinate the evacuation yourself.,,navigate:evac_coordination_detail,,,,,,,,,,,,,,,,,,,,,,,,,,
evac_coordination_detail,narrative,"For three hours, you are not a Scholar. You are a body that carries things and a voice that gives directions and a pair of arms that helps an eighty-year-old woman down stairs that were not designed for eighty-year-old women, in a building that was not designed to be evacuated, in a district that was not designed to be abandoned at three in the morning because the wall that was designed to hold is not holding.

The work is physical in a way your training never prepared you for. Your energy reserves—already depleted from a day of diagnostic work, from the seawall survey, from every circle you drew and every fuel block you burned—scrape against empty. You keep moving. The families keep moving. The Freehands network keeps moving. Everyone keeps moving because stopping is not an option the wall has offered.

By 0500, the seawall-adjacent buildings are emptied. Families camp in the upper warehouses, the Freehands safehouse, Kaelen's dock staging area—every structure above the surge line that has walls and a roof and enough floor space for people who left their homes carrying blankets and children and the kind of silence that happens when you leave a place you are not sure you will come back to.

Children sleep on folded blankets. Dogs patrol nervously, reading the tension in the air with more accuracy than any diagnostic plate. An old woman has brought her chair—carried it herself, three blocks, uphill—and is sitting in it with the serene determination of someone who survived the Drowning's aftermath, who survived the reconstruction, who survived the defunding, and who will survive this too, in her chair, with her dignity, daring the bay to try.

You have done what you can for the people. Now the wall.",,adjust_community_cost:-15|adjust_worker_rep:10,c_evcd_1,Face the wall.,,navigate:final_assessment,,,,,,,,,,,,,,,,,,,,,,,,,,
ending_collective,ending,"You do not face the wall alone.

The Freehands network holds the evacuation—Brin's people stationed at every route, guiding families, securing shelters, doing the work of a functioning emergency system with none of the funding and all of the competence. Kaelen's dock crew provides muscle and the irreplaceable knowledge of people who have worked this waterfront their entire lives—who know which sections will fail first not from calculation but from decades of watching the stone, hearing it, feeling the vibrations through their boots.

You provide the calculations. Where the wall will fail. How to manage the cascade. Where to reinforce. Where to retreat.

The three of you—Scholar, dockworker, organizer—are the infrastructure the district was supposed to have. You are the emergency system. You are the maintenance budget. You are what remains when the institutions withdraw and the people do not.

The wall fails at 0547. The lower eastern section—exactly where your structural survey predicted. Stone separates from stone with a sound like the world clearing its throat. The bay enters with the patient inevitability of water that has been waiting to do exactly this. But the tenements are empty. Every one of them. The flooding is contained by barriers the dock workers built from shipping crates and industrial bonding paste in three hours of frantic, precise, backbreaking work. The barriers hold because Kaelen built them the way his father built circle work—correctly, under pressure, with the understanding that doing it right is not optional when lives are downstream.

The transit rail loses power for forty-eight hours while emergency materials are redirected back to the district. Nobody dies. Nobody.

The cost is distributed. A hundred small sacrifices instead of one enormous one. Workers give time. Brin gives materials. Kaelen gives leadership. Elara gives her purifier's fuel reserves to stabilize the barriers' bonding compounds. You give your calculations and every remaining joule of energy in your body, until your hands shake too badly to hold the chalk and someone else holds it for you and draws the circles you describe.

It is the Weighing of Red Harrow, eighty-three years later, in a district that history was preparing to forget. The principle that cost must be shared. That no single hand should pay what many hands can carry. That the republic was built on the idea that the exchange includes everyone, even the people at the bottom of the hill, even the people behind the wall, even the people whose names never appear on the authorization forms.

Many hands carry. Many hands held. The wall fell, and the district stood.",,adjust_stability:20|adjust_community_cost:-25,c_endcol_1,Continue to the epilogue.,,navigate:epilogue_collective,,,,,,,,,,,,,,,,,,,,,,,,,,
epilogue_collective,ending,"In the aftermath, the machinery of accountability begins to turn—slowly, reluctantly, the way all institutional machinery turns when the thing it must acknowledge is the thing it produced.

The joint report—yours and Nev's—is filed simultaneously to the Measured Scholars' Academy and the Revolutionary Council. It includes the warehouse manifests. The structural survey. The seawall assessment. The material flow analysis from six districts. And the documented evacuation of the Karet Bay surge zone, conducted without a single CEA-authorized action, saving an estimated six thousand lives through the combined efforts of a repair collective, a dock crew, a basement alchemist, and a junior field evaluator who was sent to investigate a crane.

Toris is reassigned. The word used is lateral transfer. The destination is a records office in a district where nothing structural fails because nothing structural was ever built. He will spend the next three years filing material allocation reports for a district with no materials to allocate. The passive voice will have less work to do there.

The transit rail project is audited. Three other districts receive emergency material allocations. Senna—Toris's junior administrator, who kept the real files in her lower desk drawer—is promoted to acting district coordinator. She accepts the position with the expression of someone who has been doing the actual work for months and is unsurprised to finally receive the title.

Brin's Freehands network is formally recognized. Not legalized, exactly—the institutional vocabulary has not evolved that far—but acknowledged. The distinction matters less than you would think. Brin does not need a certificate. She needs fuel blocks and access to maintenance supplies. She gets both.

Kaelen's crew receives the seawall maintenance contract they should have held seven months ago. The contract is backdated, which means someone in the Council's legal office understood what should have held means and decided to put it in writing. The dock workers begin repairs the following week. They know what they are doing. They have always known.

You return to the Academy. Mireth reads your report in her office, behind her desk, with the same expression she wears for everything: controlled, precise, giving nothing away. She reads all two hundred and forty-seven pages. She does not skip sections.

At the end, she closes the folder. Looks at you.

'This is not the kind of report that gets filed.'

You wait. Your hands are still bandaged from the circle work. Your energy reserves are, according to the Academy physician, inadvisable.

'It is the kind of report that gets taught.'

She was right about something she said yesterday morning, standing in the common hall with her ink-stained fingers and her stack of incident reports. Good work is not the same as right work. They operate on different scales, measure different costs, serve different purposes. But sometimes—if you are thorough enough, and if you are brave enough, and if you do not try to carry it alone—they are the same thing.

**[ENDING: THE DISTRIBUTED COST]**

*The cost was real. The cost was shared. In a world where someone always pays—sometimes the bravest thing is to make sure everyone carries a piece, and nobody carries it alone.*",,,c_epicol_1,Start again.,,navigate:start,,,,,,,,,,,,,,,,,,,,,,,,,,
doc_planning,narrative,"The theater basement smells of tallow and damp stone. The troupe cleared out an hour ago—Petra is upstairs stacking chairs, her footsteps deliberate overhead. Down here, Dima has claimed a workbench, spreading his notebook open under three candle stubs arranged with the precision of someone who has learned to optimize insufficient light.

You sit across from him. The notebook is not what you expected.

It is a system. Names organized by household. Dates cross-referenced against material delivery schedules. Fuel readings—crude but consistent—taken at the same four locations every week for six months. Testimony fragments in small, careful handwriting. Margin notes connecting complaints filed to responses never received.

'I've been collecting this for six months,' Dima says. He doesn't look up from the page he's smoothing flat. 'But I'm fifteen. Nobody files a fifteen-year-old's report.'

He looks at you. The candlelight catches the ink stains on his fingers—extensive, permanent-looking, the hands of someone who has been writing things down long enough for the evidence to become physical.

'You're a Scholar. They'll file yours.'

He's right. The credential matters more than the content. That is, itself, a data point worth recording.

You pull your field ledger closer. 'Show me how you've organized this.'",,set_flag:committed_chronicler:true,c_doc_1,Organize the evidence by type—a systematic approach.,,navigate:testimony_hub,,c_doc_2,Focus on the infrastructure data first.,,navigate:cea_records_ch,,c_doc_3,Start with the people. Their testimony anchors everything.,,navigate:worker_testimony_ch_1,,,,,,,,,,,,,,,,
testimony_hub,narrative,"You and Dima work at the low table, the chronicle's architecture taking shape between your field ledger and his notebook. Three pillars. You draw them on a blank page and Dima copies the diagram into his own records with the fidelity of a court transcriber.

Physical evidence: the material readings, the structural data, the fuel allocation records. Personal testimony: the workers, the elders, the people who watched the failure happen in real time. Institutional record: the CEA documents, the filed complaints, the paper trail of decisions made and not made.

'Every good assessment needs corroboration from multiple angles,' you tell Dima. 'One source is an accusation. Two is a pattern. Three is a case.'

He writes that down. You watch him write it down. Something about seeing your own training maxims recorded in a fifteen-year-old's notebook makes them feel simultaneously more and less true than they did in the lecture hall where you first heard them.

Three pillars. You need all of them.",,,c_test_1,Collect worker testimony.,,navigate:worker_testimony_ch_1,,c_test_2,Gather elder accounts.,,navigate:elder_testimony_1,,c_test_3,Find CEA documents.,,navigate:cea_records_ch,,c_test_4,Assemble the full chronicle.,has_flag:chronicle_workers_done|has_flag:chronicle_elders_done|has_flag:chronicle_cea_done,navigate:chronicle_assembly,,,,,,,,,,,
worker_testimony_ch_1,narrative,"The pre-dawn dock is cold and smells of brine and rendered fuel. Workers arrive in clusters of two and three, hands wrapped in cloth, breath visible. Dima knows them by name. They know Dima by the notebook.

'He's all right,' a woman named Maren tells you, before you've asked a question. She's in her forties, forearms roped with the particular muscle of someone who has spent decades moving heavy things in confined spaces. She sits on an overturned crate and tells you about the day the maintenance circles stopped receiving fuel.

'We thought it was a supply delay. Everyone thinks it's a supply delay at first. You wait a week. Then two. Then three weeks pass and you realize nobody's coming, and the circles are degrading, and if you don't start doing it yourselves the whole dock section goes.' She pauses. 'So we started doing it ourselves. With our own supplies. On our own time.'

Her account is precise—dates, locations, which circles failed first, which ones they jury-rigged, which ones they couldn't save. Dima writes everything. His pen moves steadily. He's done this before. You can see it in the way Maren talks to him without looking at the notebook.

She trusts it's accurate. She's right.",,,c_wt1_1,Continue the testimony collection.,,navigate:worker_testimony_ch_2,,c_wt1_2,Return to planning.,,navigate:testimony_hub,,,,,,,,,,,,,,,,,,,,,
worker_testimony_ch_2,narrative,"Gerd is next. He's a pipe fixer—thick-necked and deliberate, with the permanent squint of someone who spends too much time looking at things too close. He sits where Maren sat and speaks with the cadence of a man recounting something he has recounted before, to people who did not listen before.

'First the water went bad. Not all at once—you'd get a brown day, then a clear day, then two brown days. Then the walls started sweating. Condensation where there shouldn't be any, because the thermal regulation circles were failing. Then the cracks.'

He holds up three fingers.

'It wasn't one thing. It was everything, slowly, all at once. Like the whole district was exhaling and nobody bothered to check if it was still breathing in.'

He looks past you at the dock, where the morning shift is arriving. Workers with cloth-wrapped hands and careful steps.

'Nobody important was watching,' Gerd says. 'So nobody important noticed.'

Dima's pen doesn't hesitate. You notice he underlines the last sentence. Twice.

You write in your ledger: *cascade failure pattern consistent with systematic maintenance withdrawal.* The clinical language feels insufficient. You write it anyway. Something has to go in the column.",,,c_wt2_1,One more testimony.,,navigate:worker_testimony_ch_3,,c_wt2_2,Return to the hub.,,navigate:testimony_hub,,,,,,,,,,,,,,,,,,,,,
worker_testimony_ch_3,narrative,"Kaelen. You didn't expect his testimony to be the hardest.

He doesn't sit. He stands at the edge of the dock, arms crossed, looking at the water while he talks. The words come slowly, each one examined before release—the speech pattern of someone who has learned that words, once given, cannot be retrieved.

'My father did circle work on the seawall for twenty-three years. Original infrastructure. First-generation post-Drowning repair. He built bonding sequences designed to last forty years with standard maintenance fueling.' Kaelen's voice is steady. 'They lasted thirty-one. They would have lasted forty. They would have lasted longer than him.'

He turns. His hands are not steady.

'Someone decided his work wasn't worth maintaining. Someone in an office with clean walls and full fuel blocks looked at a budget line and decided that the thing my father built—the thing that keeps this district above water—was an acceptable place to save money.'

Dima writes it all. Every word. The pen scratches in the silence after Kaelen stops talking.

You don't say anything. There is nothing in your training that covers the correct professional response to a man describing the slow, administrative murder of his father's legacy.

Some testimony doesn't need follow-up questions.",,set_flag:chronicle_workers_done:true,c_wt3_1,Return to planning.,,navigate:testimony_hub,,,,,,,,,,,,,,,,,,,,,,,,,,
elder_testimony_1,narrative,"Hanna lives on the third floor of a building whose staircase has been reinforced with salvaged timber at least twice. She's eighty-three. She answers the door already talking, as though the conversation started before you arrived and you're simply late.

'Sit down. Not that chair, the other one. That one's for the cat.'

There is no cat visible.

'Third time,' she says, before Dima has finished explaining why you're here. 'This is the third time I've watched this district die slowly.'

She counts on fingers swollen with age.

'The first was the water. The Drowning. I was three. My mother carried me uphill for two days. When we came back, everything below the second terrace was gone.'

Second finger.

'The rebuilding. They promised. Thirty years of promises. They rebuilt the port—the commercial part, the part that makes money. The residential district they *stabilized.*' She says the word like it's something she found on the bottom of her shoe. 'Stabilized means they stopped it from getting worse and called it fixed.'

Third finger.

'And now this. The fuel reallocation. The cracks. The water going bad again.' She lowers her hand. 'Eighty years. Three collapses. Same district. Same people paying.'

Dima writes. You notice his hand is shaking slightly. Hanna notices too.

'Write it steady, boy,' she says. 'Shaky handwriting doesn't hold up in court.'",,,c_et1_1,Continue with the elder accounts.,,navigate:elder_testimony_2,,c_et1_2,Return to planning.,,navigate:testimony_hub,,,,,,,,,,,,,,,,,,,,,
elder_testimony_2,narrative,"Old Tomas receives you with the formality of a man who has been expecting someone official for approximately seven months and has opinions about the delay.

'Three complaints,' he says. He's already reaching into a drawer before you've sat down. 'Three complaints. Three form numbers. Filed in person at the district intake office.'

He produces the receipts. They're real—stamped, dated, numbered. You hold them and read the careful handwriting: descriptions of water pressure drop, structural condensation, visible cracking in load-bearing bonding paste. Each complaint precise enough to have been written by a field evaluator.

'I kept the receipts,' Tomas says. 'People told me I was being difficult. I told them I was being documented.'

Filed. Acknowledged. The intake stamps confirm receipt. The follow-up field—ACTION TAKEN—is blank on all three.

Three formal complaints about infrastructure failure in a residential district. Received, recorded, and then absolutely nothing. The paper trail of institutional indifference, preserved in triplicate by a man who understood that systems only work when someone holds them to their own rules.

'You can have copies,' Tomas says. 'I want the originals back. They're evidence.'

He's not wrong. They're the most damning evidence you've collected today, and you spent the morning documenting a failing seawall district.",,set_flag:chronicle_elders_done:true|add_item:complaint_receipts:1,c_et2_1,Return to planning.,,navigate:testimony_hub,,,,,,,,,,,,,,,,,,,,,,,,,,
cea_records_ch,narrative,"Your Scholar credentials open the district CEA filing office the way a key opens a lock that hasn't been used in months—with effort and a concerning grinding sound. The clerk on duty looks at your authorization seal with the expression of someone who recognizes bureaucratic inevitability and has decided not to resist it.

'Records room is through there. Mind the boxes.'

The boxes are considerable. The filing room is a graveyard of administrative optimism—cabinets labeled by quarter, arranged in an order that was presumably chronological before someone stopped caring approximately seven months ago. Dust lies on the upper shelves with the permanence of geological strata.

You find the material allocation changes in the third cabinet. They are not where they should be—someone relocated them from the active files to the archive section. They're buried in a budget amendment appendix, subsection 4(c), titled *Operational Efficiency Adjustments.* The kind of title designed to discourage reading.

The documents show the fuel reallocation in clinical detail. Quantities, dates, authorization codes. The numbers match what you've been seeing in the field—the gap between what Karet Bay was allocated and what it received, expressed in the neutral language of administrative procedure.

Dima reads over your shoulder. 'They wrote it down,' he says quietly. 'They wrote down exactly what they did.'

'They always do,' you say. 'That's what records are for.'",,set_flag:chronicle_records_started:true,c_cea1_1,"Copy the key documents by hand. Thorough, but exhausting.",,navigate:cea_records_ch_2,adjust_energy:-5,c_cea1_2,Photograph the filing system itself—the dust and disorder are evidence of neglect.,,navigate:cea_records_ch_2,,,,,,,,,,,,,,,,,,,,,
cea_records_ch_2,narrative,"In the back of the third cabinet, filed under *Resident Correspondence—Resolved*, you find them.

Three complaints. Different dates, different handwriting, same subject: material redirection affecting residential infrastructure in the Lower Dock District. Each one formal, detailed, specific. Each one stamped at the bottom with an official CEA review mark and the same three words: REVIEWED - NO ACTION REQUIRED.

Each stamp bears a signature. The signature is Toris's.

You check the dates. The first complaint was filed eight months ago. The second, six months. The third, four. The system didn't fail to notice. It noticed three times—three separate occasions where a district resident documented a problem, filed it through proper channels, and received in return the institutional equivalent of silence with a stamp on it.

Three occasions where Toris—specifically, with his name and his authority and his ink—looked at the problem and decided it wasn't one.

Dima stares at the stamps. His notebook is open but his pen has stopped.

'That's a signature,' he says quietly. 'That's not a system failing. That's a person deciding.'

You make copies of all three complaints. The originals stay in the cabinet, in the wrong section, where someone filed them so they wouldn't be found easily.

They've been found.",,set_flag:chronicle_cea_done:true|add_item:archived_complaints:1,c_cea2_1,Return to planning.,,navigate:testimony_hub,,,,,,,,,,,,,,,,,,,,,,,,,,
chronicle_assembly,narrative,"The theater basement. Full night. Petra brings bread, cheese, and a jar of something she claims is tea. The theater troupe—four performers and a stage manager who doubles as a carpenter—provide their satirical records: scripts annotated with audience reactions, demographic notes, community feedback collected after each performance. 'We've been doing social research,' Petra says. 'We just didn't call it that.'

You lay out the three pillars. Worker testimony: Maren's precise timeline, Gerd's cascade description, Kaelen's account of his father's seawall work. Elder accounts: Hanna's eighty-year history, Tomas's filed-and-ignored complaints with their damning blank follow-up fields. CEA records: the budget amendments, the material reallocation tables, and the three stamped complaints that prove the system was informed and chose inaction.

Cross-referencing takes hours. Dima's organizational system turns out to be rigorous—his six months of data collection maps onto your field observations with unsettling accuracy. Where your instruments detected structural degradation, his notebooks recorded which families were affected. Where the CEA records show fuel redirection, his interviews explain what that redirection felt like at street level.

Forty-seven pages. Physical evidence. Personal testimony. Institutional record. Dated, signed, cross-referenced. Every claim supported. Every number contextualized. Every institutional failure connected to a human cost.

It is the single most thorough document you have ever produced. It is also the first you have ever produced that you are certain will matter—because it was built by the people it describes.

Dima looks at you across the workbench. 'Is it enough?'

'It's a start,' you say. 'A very thorough start.'",,,c_asm_1,Finalize the chronicle for distribution.,,navigate:chronicle_distribution,,c_asm_2,Add your own formal Scholar's assessment as an appendix.,,navigate:chronicle_appendix,,,,,,,,,,,,,,,,,,,,,
chronicle_appendix,narrative,"You take the final blank pages and begin the appendix.

Technical analysis. Structural failure timelines. Material degradation curves calculated from your field readings. Cost projections: what the repairs will require, what the continued neglect will cost, what the seawall failure alone will do to the district's infrastructure viability over the next five years.

Everything you were trained to produce. Every formula, every framework, every assessment methodology drilled into you during four years at the Academy.

But you write it differently this time. Not as an abstract system analysis floating above human data, but as a framework around it. The structural failure timelines reference Maren's testimony. The material degradation curves annotate Gerd's cascade description. The cost projections cite Hanna's eighty-year history as context for why this district cannot absorb another rebuilding cycle that never finishes.

The numbers serve the stories. Not the other way around.

Dima reads over your shoulder as you write the final paragraph.

'Is this what your reports usually look like?' he asks.

You consider the stack of field assessments you've filed over two years. Technically precise. Humanly empty. Documents designed to be processed, not read.

'No,' you say. 'This one's better.'

Dima nods. He doesn't write that down. Some things don't need to be in the record to be true.",,adjust_scholar_rep:10,c_app_1,Finalize the chronicle for distribution.,,navigate:chronicle_distribution,,,,,,,,,,,,,,,,,,,,,,,,,,
chronicle_distribution,narrative,"Four copies. Dima's handwriting on the originals, your Scholar's notation in the margins, the theater troupe's supplementary records bound at the back. Four identical documents, forty-seven pages each. One hundred and eighty-eight pages of accumulated truth stacked on the workbench in the candlelight.

Dima wants one copy to stay in the district. 'It belongs here,' he says, and he's right—the record should live where the cost was paid. Petra wants one for the theater network. It will travel through the performance circuit to other cities, other districts, other audiences who will hear this story in whatever form the troupe translates it into. That's two copies accounted for.

Two remain. This is the decision that determines how far the truth travels and through which channels it arrives.

The Academy will give the chronicle institutional credibility—your name, your credentials, the formal weight of a Measured Scholar's assessment. The Revolutionary Council will give it political reach, if anyone reads it, if anyone acts, if the system that created the problem can be trusted to respond to documentation of the problem.

Then again. There are other paths. Other networks. Other ways for a document to find the people who will use it rather than file it.

Two copies. The truth is the same in each one. The destination changes what it becomes.",,,c_dist_1,"Send one to the Academy, one to the Council. The institutional path.",,navigate:ending_chronicler_v2,set_flag:chronicle_institutional:true,c_dist_2,Send both to independent press contacts. The public path.,,navigate:ending_chronicler_v2,set_flag:chronicle_public:true,c_dist_3,"Send one to the Academy, one through Ash's network.",has_flag:ash_met,navigate:ending_chronicler_v2,set_flag:chronicle_radical:true,c_dist_egg,Reread the marginal note in your old primer—the four layers and the alternate dossiers.,has_flag:chose_chronicler,navigate:egg_canon_codex,,,,,,,,,,,
egg_canon_codex,narrative,"In the basement lamplight you dig out your first-year primer, Structural Assessment Doctrine—mostly diagrams of load-bearing arches and scribbles about ethical leakage in public works.

Someone's marginal hand (not yours; the ink is older) has drawn four numbered layers of commentary:

(1) Mandatory inspection sequence. Beats along a route the commission will not let you skip, because the argument of the assessment fails if any one vanishes from the record.

(2) Radial hub routing. The open districts between those beats: many doors, many detours, but the spoke always resolves back toward the next mandatory beat or the hub that fed it.

(3) Ledger memory; accumulated attestation, the margin insists. The doctrine is explicit: the ledger remembers. What you witnessed, what you signed, what you refused to sign—later options read the accumulated state. There is no pretend reset.

(4) Parallel case files—alternate dossiers, the same annotator adds—complete alternate cases with their own mandatory beats, running in the same city while you are elsewhere. The main sequence's beats still pass; you are simply not there to countersign them.

You shelve the book beside the chronicle stack. Dima glances over—asks if you're all right. You say yes. Whatever that annotator was drinking, it was stronger than scholar tea.

Still: the metaphor is uncomfortably precise for a seawall diagram—and for the four copies waiting on the workbench.",,,c_egg_canon_ack,Return to the workbench and the four copies.,,navigate:chronicle_distribution,,,,,,,,,,,,,,,,,,,,,,,,,,
ending_chronicler_v2,ending,"The chronicle is distributed. Four copies, four paths, four chances for the truth to outlast the institution that created the problem.

The seawall crisis resolved without you.

Kaelen's crew—working on instinct and experience and the bone-deep understanding of people who know their own waterfront—evacuated the seawall-adjacent buildings when the first cracks widened past tolerance. No deaths. The wall partially failed during the high-tide surge, flooding three streets to waist height. Forty-one people injured. Six hospitalized. One hundred and twelve displaced from buildings that were never structurally sound enough to survive what everyone knew was coming.

You weren't there. You were in a theater basement, cross-referencing fuel allocation records with personal testimony by candlelight while the district you were sent to assess paid the cost you had calculated. You chose the record over the rescue. The mathematics of that choice are not complex: the seawall failed whether you were present or not. The chronicle exists because you were not.

The cost of that calculation will live in you alongside the forty-seven pages that now exist because of it.

Three months later.

Petra's theater network has performed a piece based on the chronicle in four cities. The audiences don't clap at the end. They sit in silence. Petra says that's better than applause.

The Measured Scholars' Academy has opened a formal review of material allocation practices in Orvish's lower districts. Your appendix—the one where the numbers serve the stories instead of replacing them—was cited in the review authorization. Senna, the regional coordinator, has been called to testify. Her testimony is scheduled for three weeks from now. She has not yet responded to the summons.

Toris has been suspended pending investigation. The three stamped complaints—REVIEWED - NO ACTION REQUIRED—are now evidence in a formal misconduct inquiry. He is, by all accounts, surprised that anyone found them. The filing system was supposed to take care of that.

And Dima—fifteen years old, with ink-stained fingers and the careful handwriting of someone who has always known that the truth needs to be written down before it can be heard—is working on a second volume. He has enlisted three other teenagers from the dock crews. They call themselves the Karet Bay Record Office. They have no funding, no official authority, and no intention of stopping.

**[ENDING: THE CHRONICLER]**

*The cost was real. The cost was yours. In a world where someone always pays—sometimes paying means keeping the record so the cost is never forgotten.*",,,c_chron_v2_end,Return to the start.,,navigate:start,,,,,,,,,,,,,,,,,,,,,,,,,,
elara_offer,narrative,"The afternoon at the Drowning Memorial wears a bureaucrat's sunlight—bright enough to read by, indifferent to whether the reading comforts anyone. The plaque catches it on the wall before you, bronze letters spelling names of workers lost to infrastructure failure. Someone has left fresh flowers at the base. The petals are already curling.

The basement's rupture still sits under your tongue—copper and stubborn quiet—while the plaque offers grief in approved proportions.

Elara stands a respectful distance from the inscription, as if giving the dead their margin. When your shadow crosses the stone, she meets your eyes once—acknowledgement without performance. She could be waiting. She could have timed the district the way she times pressure; either way, she is not pretending this is coincidence.

""I chose this place on purpose,"" she says. ""Public. Witnessed. Not my basement, not the CEA's halls—just the district's receipt, where neither of us gets to pretend the numbers were hypothetical.""

She studies your face with the same attention she gave the purifier—diagnostic, not sentimental.

""I've been working on something. Not the purifier—something else. The residential water network. The pipes the CEA keeps patching with pressure increases instead of actual repair."" She pauses. ""The kind of work the district actually needs done.""

Her hands are in her pockets. Her expression is carefully neutral in the way that people are careful when they're about to offer something that could be refused.

""No credentials. No reports. No institutional approval. Just the work."" She nods toward the residential quarter. ""I could use someone who understands the theory. Someone whose alchemy isn't self-taught.""

The offer sits between you like an equation with variables you haven't solved for. To one side, the weight of everything stamped and sealed. Ahead of you, a woman who fixes things without permission.",,,c_eo_1,Go with Elara.,,navigate:elara_workshop,,c_eo_2,Ask what kind of work she means.,,navigate:elara_explains,,c_eo_3,Decline and return to the CEA building.,,navigate:cea_building_exterior,set_flag:declined_elara_craft_path:true,,,,,,,,,,,,,,,
elara_explains,narrative,"""The water distribution network in the residential quarter,"" Elara says. She speaks the way she works—directly, without ornament, each word placed where it needs to go. ""It was designed thirty years ago for a population half the current size. The original alchemical pressure circles were calibrated for twelve hundred households. The district has twenty-three hundred now, and the CEA's response has been to boost the input pressure rather than redesign the distribution pattern.""

She pulls a folded paper from her jacket. A sketch—hand-drawn, annotated in her small precise handwriting. You recognize junction markers, flow calculations, pressure gradients. The work of someone who understands hydraulic alchemy not as theory but as something that happens to real pipes carrying real water to real people.

""Increased pressure works until the old pipes fail. And the old pipes are failing. Three bursts this month in the Narrows alone. One of them contaminated the water supply for two blocks—forty families boiling their drinking water because the CEA's solution to insufficient infrastructure is to push harder on the infrastructure that's insufficient.""

She folds the paper back into her pocket with the careful motion of someone protecting something valuable.

""What I'm doing is unauthorized. I'm redesigning the distribution pattern using local materials and circle work I can maintain myself. Tier 0 and Tier 1 components. Nothing that requires CEA supply chains, because CEA supply chains don't supply this district anymore."" The dry observation lands without emphasis. She doesn't need to emphasize what you already know.

""It's also the only thing that will work before someone dies of contaminated water. That's not rhetoric. That's hydraulic engineering.""",,,c_ee_1,Go with her.,,navigate:elara_workshop,,c_ee_2,Decline.,,navigate:cea_building_exterior,set_flag:declined_elara_craft_path:true,,,,,,,,,,,,,,,,,,,,
elara_workshop,narrative,"Elara leads you through a side door, down concrete steps worn smooth by decades of feet, into the basement of the building above her purifier. The space is small—perhaps four meters by six—and organized with the exacting precision of someone who cannot afford to waste time looking for things. Tools hang on a pegboard in outlined silhouettes, each shape labeled in the same small handwriting you saw on the water network sketch. Materials are sorted by Hazard Index tier in clearly marked containers: Tier 0 in open bins, Tier 1 in sealed jars, the single Tier 2 component she possesses—a half-empty container of bonding catalyst—locked in a metal box bolted to the wall.

The workbench dominates the room. Its surface is scarred oak, and chalk dust has been ground into the wood grain so thoroughly that it will never come out. Hundreds of circles have been drawn and erased and redrawn here. The ghosts of them remain in the wood like geological strata—layers of practice, of failure, of refinement.

""This is where I learned that alchemy isn't a credential,"" she says. ""It's a practice.""

She spreads her water network plans across the workbench. Hand-drawn on drafting paper, annotated at every junction, every pressure point, every material specification. The plans are not beautiful in the Academy sense—no elegant symmetry, no optimized geometries. They are beautiful in the way that a well-used tool is beautiful: shaped by function, refined by repetition, marked by the hands that made them work.

You lean in. The plans are better than they have any right to be.",,set_flag:elara_apprenticed:true,c_ew_1,Study the plans.,,navigate:craft_study,,c_ew_2,Ask about her training.,,navigate:elara_training,,c_ew_3,Help immediately.,,navigate:craft_first_repair,,,,,,,,,,,,,,,,
craft_study,narrative,"You study Elara's plans the way the Academy taught you—systematic assessment, material analysis, structural integrity projections. And then you study them again the way they actually deserve to be studied, which is as an act of practical genius achieved entirely outside the system that claims a monopoly on genius.

The distribution redesign uses Tier 0 and Tier 1 materials in combinations that don't appear in any Academy textbook. Not because they're wrong—they're demonstrably right—but because the textbooks assume access to Tier 2 components. Every Academy solution you were taught begins with the premise that proper materials are available. Elara's solutions begin with the premise that they aren't, and work backward from there to something that functions anyway.

""Textbooks assume you have Tier 2,"" she says, watching you trace the junction specifications. ""We don't. Haven't for seven months. So I work with what exists.""

The junction circles use a nested activation pattern you've never seen. It takes you three minutes of staring to understand how they work, and when you do, the elegance of it hits you like a rebuke. She's achieving eighty percent of Tier 2 performance using Tier 0 components arranged in a geometry that exploits resonance harmonics between adjacent circles. It's the alchemical equivalent of building a clock from scrap iron—technically inferior, practically brilliant, and impossible to find in any textbook because the people who write textbooks have never needed to try.

Your clean Academy hands suddenly feel like a liability.",,,c_cs_1,Proceed to the first repair.,,navigate:craft_first_repair,,c_cs_2,Discuss the theory with her.,,navigate:craft_theory,,c_cs_3,Ask about the scope of the network problem.,,navigate:craft_network_scope,,,,,,,,,,,,,,,,
elara_training,narrative,"""I trained with a Freehand alchemist in Orvish for three years."" Elara says it the way other people say they went to school—factually, without apology, without the defensive edge that might suggest she thinks it requires defending. ""No Academy. No certification. No credential. Just a woman named Thessa who had been doing circle work since before the Republic standardized it, and who taught me by making me do it until I got it right.""

She pauses, and something crosses her face that might be grief or might be gratitude—the two emotions being, in your experience, more closely related than most people admit.

""I learned by doing. By failing. By fixing what I failed. Thessa's teaching method was: 'Draw the circle. If it doesn't work, find out why. If it works, find out how.' Three years of that."" She holds up her hands. You look at them—really look, with a Scholar's trained attention.

The scars are small and numerous, concentrated on the fingertips and palms. Faint alchemical residue sits in the creases of her skin like watermarks in paper—the kind that doesn't wash off because it's been absorbed over years of direct contact with reactive materials. Calluses have formed where chalk is held, where circles are drawn, where corrections are made by hand on surfaces too irregular for instruments.

""Your hands are clean, Scholar."" She says it the way she says everything—as observation, not accusation. ""That's how I know you haven't done real work yet.""

She's right. It isn't an insult. It's an assessment as precise as any you've made today, delivered by someone who measures competence by evidence rather than credential.",,adjust_freehands_rep:5,c_et_1,Continue.,,navigate:craft_first_repair,,,,,,,,,,,,,,,,,,,,,,,,,,
craft_theory,narrative,"For twenty minutes, you and Elara have a conversation that the Academy would not approve of and that you will remember for the rest of your career—however long that turns out to be.

Elara's approach to alchemy is fundamentally different from yours. You were trained top-down: begin with the optimal solution, then adapt it to available conditions. She works bottom-up: begin with available materials and conditions, then build toward the best achievable outcome. Your method produces elegant solutions that require specific inputs. Hers produces inelegant solutions that work with whatever is at hand.

Neither approach is wrong. You say this aloud, and the admission costs more than you expected, because the Academy trained you to believe that optimal was synonymous with correct.

""In a district where Tier 2 materials haven't arrived in seven months,"" Elara says, not unkindly, ""elegant solutions are a form of fiction.""

You discuss resonance harmonics. She shows you how Tier 0 chalk, applied in specific moisture conditions, creates temporary bonds that mimic Tier 1 stability. You show her the mathematical framework behind her intuitive junction patterns—the formal theory she arrived at through practice alone. She stares at the equations.

""That's what I've been doing?""

You nod. She laughs—a short, sharp sound. ""Thessa would have loved this. She always said the math was in the hands.""

The exchange leaves you with something unfamiliar: the recognition that your education, while rigorous and expensive and institutionally certified, has prepared you for a world that doesn't exist here. In the world that exists here, Elara's education is the one that works.",,adjust_scholar_rep:-3|adjust_energy:5,c_ct_1,Proceed to the work.,,navigate:craft_first_repair,,,,,,,,,,,,,,,,,,,,,,,,,,
craft_first_repair,narrative,"The first repair site is underneath a tenement building on Keel Street—a water junction box accessible through a rusted hatch in the basement floor. Three families depend on this junction for their water supply. You know this because one of them is standing in the basement doorway, watching, holding a kettle of boiled water because the unboiled kind has been making her children sick.

The junction is worse than the plans suggested. The pipe is corroded through in two places, the existing maintenance circle has degraded to the point of visual failure—chalk lines blurred, activation points dissolved by moisture—and the temporary patch someone applied is leaking a thin brown stream that smells of rust and something organic you don't want to identify.

Elara works. You watch. Her technique is fast and economical—she strips the failed circle with a scraper, cleans the pipe surface with an alcohol solution, redraws the maintenance circle in a modified geometry using Tier 0 chalk, and activates it with a finger-touch that channels just enough personal energy to start the reaction. No instruments. No fuel blocks. No wasted motion.

The circle catches. You feel the resonance hum through the pipe—lower than a Tier 2 circle, but steady. The corrosion stops spreading. The leak seals. Clear water flows.

The woman with the kettle watches the clean water run. She doesn't say anything. She doesn't need to. You've read enough structural assessments to recognize when something has been fixed. You've never watched it happen to a person's drinking water before. The two experiences are not, it turns out, the same.",,adjust_stability:2,c_cfr_1,Try the next junction yourself.,,navigate:craft_solo_attempt,,c_cfr_2,Assist Elara at the next site.,,navigate:craft_assist,,,,,,,,,,,,,,,,,,,,,
craft_solo_attempt,narrative,"The next junction is two buildings over—same model, same vintage, same state of neglected decay. Elara gestures at it the way a teacher presents a problem set. ""Your turn.""

You draw the circle. Your lines are technically superior to Elara's—cleaner geometry, more precise activation points, better energy flow channels. The Academy trained you well, in the same way that a factory produces excellent components for machines that may or may not exist. Your circle is beautiful. Your circle is also draining you faster than it should.

The problem is habit. The Academy teaches self-fueled activation as the default technique—channel your own energy to start the circle, then let the ambient field sustain it. In a proper Tier 2 environment, the ambient field picks up the load within seconds. Here, with Tier 0 materials and depleted ambient reserves, the field doesn't pick up anything. You're powering the entire circle yourself, and the junction is larger than you estimated.

Elara watches with the patience of someone who has seen this exact mistake before.

""You're overengineering it,"" she says, when your hands start to shake. ""The pipe doesn't need to last fifty years. It needs to last until someone with proper materials can do it right. You're building a cathedral when the job calls for a roof.""

She's right and you know she's right and the knowing doesn't make it easier, because everything in your training insists that adequate is another word for failure.

The circle holds. The cost is in your hands and behind your eyes, where the energy deficit has settled like a debt you'll be paying for hours.",,adjust_energy:-8,c_csa_1,Simplify your approach.,,navigate:craft_learning,,c_csa_2,Push through with your method.,,navigate:craft_push,adjust_energy:-15,,,,,,,,,,,,,,,,,,,,
craft_assist,narrative,"You work alongside Elara through the afternoon. Four more junctions, each in a different building, each with its own particular species of deterioration. A rhythm develops—she leads, you support, and somewhere between the second and third junction, you stop thinking about the Academy's way of doing things and start thinking about what works.

By the second junction, you're handing her materials before she asks. By the third, you're preparing the pipe surfaces while she draws the circles. By the fourth, you're improvising your own variations—using your theoretical knowledge to optimize her practical geometry, finding refinements that neither formal training nor street experience alone would have produced.

The families watch. Some bring things—a stool for the bad basement with no light, a lantern for the worse basement with no floor, tea in cracked cups, the implicit thank-you of people who have learned not to expect help and don't quite trust it when it arrives. A man in the third building tells you his daughter boiled all their water for four months and still got sick. He says it calmly. He has had time to be angry. The anger has become a kind of patience that looks, from the outside, like resignation but isn't.

Your energy drops in measured increments, like a fuel block burning down—steady, predictable, the cost of work done honestly. Elara monitors you the way she monitors her circles: with practical attention, checking for the signs of failure before failure becomes the kind you can't fix.

By the end of the fourth junction, your hybrid technique flows as naturally as anything the Academy taught you. More naturally. Because this time the theory serves the practice, instead of the other way around.",,adjust_energy:-10|adjust_stability:3,c_ca_1,Continue.,,navigate:craft_community_response,,,,,,,,,,,,,,,,,,,,,,,,,,
craft_learning,narrative,"You simplify. The word tastes like defeat, and defeat tastes like chalk dust and copper, which are the flavors of doing something real in a place that is also real.

You strip your circle design down. Remove the redundant stability loops. Eliminate the aesthetic geometry—the beautiful spirals that make Academy circles look like illuminated manuscripts and accomplish nothing functional. Reduce the activation channels from four to two. Use Elara's moisture-bonding technique instead of your self-fueled ignition.

The repair is adequate. The word sits in your mouth like a stone. Adequate. Not elegant. Not permanent. Not the kind of work that earns commendations or gets published in the Proceedings of the Measured Academy. Just functional. Just sufficient. Just enough.

Elara nods. ""That's the hardest lesson. The best solution isn't the optimal one. It's the one that works with what you have.""

You move to the next junction. And the next. By the third repair, something has shifted—not just in your technique but in the part of your mind that evaluates technique. You stop comparing your work to the Academy standard and start comparing it to what was there before: corroded pipes, failed circles, contaminated water. Against that metric, adequate is extraordinary. Against that metric, the repair you just completed is the most important piece of alchemy you've ever done.

Three junctions later, you've developed a hybrid approach that neither of you could have created alone. Your theory, her practice, shaped by the specific constraints of a district that the system forgot. It's not in any textbook. It works.",,adjust_energy:-6|adjust_stability:2,c_cl_1,Continue.,,navigate:craft_community_response,,,,,,,,,,,,,,,,,,,,,,,,,,
craft_push,narrative,"You do it your way. The Academy way. Full activation geometry, proper energy channels, self-fueled ignition sustained to completion. The circle you draw on the corroded junction pipe is, objectively, beautiful—the kind of precise, multilayered work that gets held up in practicals as an example of what trained alchemy looks like when it's done right.

It's also consuming you.

The self-fueled technique works by drawing on your personal energy reserves to power the circle until the ambient field takes over. In a properly maintained district with Tier 2 materials and a functional alchemical infrastructure, the handoff takes seconds. Here, the ambient field is so depleted that the handoff never comes. You're powering the entire circle—every activation point, every stabilization loop, every precise and beautiful and entirely excessive element of your Academy-standard design—from your own reserves.

By the midpoint, your hands are trembling. By three-quarters, your vision swims and the chalk lines blur and you're drawing from memory and muscle reflex because your conscious mind is occupied with not collapsing. The energy deficit is a physical thing—a hollowing, a drawing-down, the sensation of being poured out like water from a vessel that can't be refilled this quickly.

Elara catches your arm when you finish. ""Steady. You're burning yourself.""

You are. The repair will last years. The junction is sealed, stabilized, protected by a circle that would pass any Academy inspection. The pipe gleams. Your hands don't stop shaking for twenty minutes.

The cost was real. But the water runs clean, and somewhere above you a family turns on a tap without boiling the water first. You're not sure the math works out. You're not sure it doesn't.",,adjust_energy:-20|adjust_stability:5,c_cp_1,Continue.,,navigate:craft_community_response,,,,,,,,,,,,,,,,,,,,,,,,,,
craft_community_response,narrative,"Word spreads the way word spreads in communities that the system has forgotten: quickly, accurately, and through channels that no official communication network could replicate. By the time you and Elara finish the last junction, a small crowd has gathered at the building entrance. They don't look like a crowd—they look like people who happened to be in the same place, because people in districts like this have learned that gathering draws attention and attention draws the kind of people who disperse gatherings.

An old woman brings tea. It's strong and sweet and served in a cup that has been mended twice, and it's the best thing you've tasted all day. She doesn't tell you her name. She tells you which building she lives in and how long the water has been bad.

A child—eight, maybe nine, with the watchful eyes of someone who has learned to read situations early—tugs at your sleeve. ""Are you a real alchemist?""

Elara answers before you can. ""The realest.""

The child considers this. Nods. Runs back to tell someone.

The community's response to unauthorized infrastructure repair is not outrage or suspicion or the nervous deference of people encountering officialdom. It's gratitude—quiet, practical, expressed in tea and nods and the specific kind of eye contact that says: I see what you did, and it mattered.

And then it's requests. Three more buildings need help—the water in the Narrows, the drainage system behind the fishmarket, the pressure problems on the upper floors of the Atherton block. Seven more after that. Fourteen after those. The district has been waiting—not passively, not with resignation, but with the focused patience of people who knew that eventually someone would do what needed doing. They just didn't know when.",,,c_ccr_1,Continue the work.,,navigate:craft_commitment,,c_ccr_2,Stop and consider the consequences.,,navigate:craft_hesitation,,,,,,,,,,,,,,,,,,,,,
craft_hesitation,narrative,"You stop. Not physically—your hands keep holding the teacup the old woman gave you—but somewhere behind your sternum, in the place where professional judgment lives, something seizes like a gear that's found a stone.

What you've been doing is unauthorized alchemical work on residential infrastructure. Your Scholar credentials don't cover this. Your field evaluation authority explicitly excludes direct modification of civilian structures—it's in Section 12 of the Assessment Protocols, a passage you memorized and never expected to violate. If Toris finds out, your assessment is compromised. If the Academy finds out, your credentials are revoked. If both find out, your career doesn't end—it ceases to have existed, retroactively redefined as a cautionary anecdote in the next edition of the Protocols.

Elara sees your expression. She's been waiting for it, you realize. Not with dread—with the practical recognition of a woman who has watched credentialed people reach this exact point and choose the credential.

""You're thinking about your credential.""

""I'm thinking about what happens if this goes wrong.""

""Things are already going wrong, Scholar."" She gestures—at the building, at the street, at the district visible through the gap between tenements: cracked walls, improvised repairs, infrastructure held together by the equivalent of hope and Tier 0 chalk. ""We're just doing something about it.""

The teacup is warm in your hands. The water in it is clean because of what you did today. The career in your pocket is a document that says you're qualified to assess situations exactly like this one and then write reports about them that will be read by people who will authorize further assessments.

The gap between what the credential permits and what the situation requires has become a chasm.",,,c_ch_1,Continue the work.,,navigate:craft_commitment,,c_ch_2,Return to the official investigation.,,navigate:seek_answers,set_flag:declined_elara_craft_path:true,,,,,,,,,,,,,,,,,,,,
craft_commitment,narrative,"The fishmarket wall.

The building is four stories of old stone and older alchemy, built during the first decade of the Republic when infrastructure was a promise and materials were available to keep it. Seven businesses occupy the ground floor—fishmongers, a baker, a woman who repairs nets and sells rope. Thirty families live above. The load-bearing wall on the eastern face has been failing for months, the structural reinforcement circles degrading in the same slow spiral of material starvation that's killing everything else in the district. A crack runs from foundation to second floor, widening at a rate that your Scholar training lets you calculate with unwelcome precision: two weeks, maybe three, before cascading failure.

This is not a water junction. This is not a pipe repair. This is structural modification of an occupied residential and commercial building—the line that separates maintenance from construction, improvisation from engineering, unauthorized repair from unauthorized construction. On the other side of this line, there is no version of your career that survives.

You do it anyway.

The decision doesn't feel like a decision. It feels like the last step in a calculation that started when you saw the crane anomaly readings, continued through the warehouses and the manifests and the water junctions, and arrives here: at a wall that will fall on people if you don't fix it, with the knowledge of how to fix it, and the choice between your credential and their ceiling.

Elara is beside you. Brin's people are watching the approaches. The district that has been waiting for someone to do the necessary thing is watching you decide to do it.

The chalk feels different in your hands. Heavier. Realer. You draw the first line.",,set_flag:unauthorized_work:true|adjust_scholar_rep:-15,c_cc_1,Proceed with caution.,,navigate:craft_careful_work,,c_cc_2,Work fast before anyone official notices.,,navigate:craft_fast_work,,,,,,,,,,,,,,,,,,,,,
craft_careful_work,narrative,"Six hours. You take six hours because the wall deserves six hours and because the people sleeping above it deserve someone who isn't rushing.

Elara provides materials from her network—Tier 0 chalk in quantities, Tier 1 bonding agent she's been hoarding, the half-container of Tier 2 catalyst that represents everything she has of institutional-grade supply. You use them the way a surgeon uses sutures: precisely, economically, with the awareness that there is no more where this came from.

The work is a slow negotiation between what the wall needs and what you have to give it. You restructure the support matrix one section at a time—dissolving the failed circles, cleaning the stone, redrawing the geometry in your hybrid technique. Each new circle must integrate with the ones above and below it. Each activation must be carefully fueled—too little and it won't hold, too much and you burn yourself out again.

Brin's network provides cover. A lookout at each end of the street. A woman in the fishmarket who watches the road and coughs loudly when she sees uniforms. The infrastructure of community self-preservation, deployed to protect the act of infrastructure self-repair. The irony would be worth savoring if you had the energy to spare.

By hour four, your hands move automatically. By hour five, you've stopped thinking about the Academy and started thinking in the language of the wall itself—its weight, its grain, its particular way of settling into its own history. By hour six, the circle network is complete. The wall hums with steady, low-grade resonance. Not Tier 2 performance. Not optimal. But real. Solid. Sufficient.

You step back. Your body feels like it's been wrung out by someone who was thorough about it. But the building stands. Tomorrow, the building will still stand.",,adjust_energy:-15|adjust_stability:8,c_ccw_1,Continue.,,navigate:craft_consequences,,,,,,,,,,,,,,,,,,,,,,,,,,
craft_fast_work,narrative,"Two hours. Speed, because every minute you spend on this wall is a minute the CEA might notice, and the CEA noticing is a variable you cannot control and would prefer to avoid introducing until the wall is no longer in danger of falling on people.

You and Elara work in tandem—a rhythm developed in the water junctions, accelerated now by urgency and the particular focus that comes from knowing the stakes. She draws the lower sections while you handle the upper. Your circles aren't as precise as the careful approach would allow, but they're solid—the hybrid technique, stripped of all nonessential geometry, applied at the speed your hands can manage.

The energy cost is brutal. You're fueling circles faster than your reserves can comfortably sustain, running a deficit that accumulates with each activation like compound interest on a debt you're taking out against your own body. Elara is doing the same—you can see it in the tightness around her eyes, the slight tremor in her chalk hand that wasn't there an hour ago.

Halfway through, a CEA patrol passes the end of the street. Two officers on their usual route. Elara doesn't look up. You don't look up. The fishmonger at the corner stall calls a greeting to the officers, loud enough to draw their attention, casual enough to seem ordinary. They wave. They keep walking. They don't look down the alley where two unauthorized alchemists are restructuring a building's support matrix with materials that aren't in any requisition system.

The repair takes two hours. It's not as thorough as six hours would have produced—some sections are stabilized rather than fully repaired, held by circles that will need reinforcement within months. But the wall holds. The crack has stopped growing. The thirty families above the fishmarket will sleep tonight under a ceiling that will still be there in the morning.",,adjust_energy:-20|adjust_stability:5,c_cfw_1,Continue.,,navigate:craft_consequences,,,,,,,,,,,,,,,,,,,,,,,,,,
craft_consequences,narrative,"Morning comes the way mornings come in Karet Bay: slowly, grey, tasting of salt and the particular weariness of a district that wakes up tired. You watch it from Elara's workshop, sitting on the floor with your back against the workbench, too exhausted to climb the stairs.

The wall holds. You know this because Elara checked at dawn, pressing her palm flat against the stone the way a doctor checks a pulse, and nodded once. The fishmarket opens. People buy fish from stalls that would have been buried under four stories of rubble by now. A baker pulls bread from an oven that sits against a wall that your circles are holding together. The net-mender opens her shutters above a street that is still a street and not a debris field.

Nobody knows what you did except the people who helped you do it. The families above the fishmarket will eventually notice that the crack stopped growing. The fishmongers will eventually stop flinching when heavy carts pass. The baker will eventually forget that she spent the last two months wondering if today was the day the ceiling came down.

But the Scholar credentials in your pocket feel different now. Not heavier—just less relevant. A document certifying your authority to assess and report, carried by a person who has just done something that no assessment or report could have accomplished. The gap between what the credential represents and what you've become is no longer a gap. It's a border you crossed, and borders only work if you stay on the correct side.

The CEA will find out. The work was too visible, too effective, too much the kind of thing that makes institutional authority nervous. When they do, your career as a Measured Scholar ends. Not with failure. With competence. The system has no category for that.",,,c_cq_1,Face what comes.,world_check:vaelEnergy:>:20,navigate:craft_soft_ending,,c_cq_2,Push on—more work to do.,world_check:vaelEnergy:<=:20,navigate:craft_hard_path,,,,,,,,,,,,,,,,,,,,,
craft_soft_ending,narrative,"The CEA revokes your field evaluation credentials within the week. The official notification arrives by courier—a sealed document, institutional letterhead, the particular weight of paper that the bureaucracy reserves for communications it considers important. You open it in Elara's workshop, sitting at the workbench where you've been sleeping, because you've been sleeping here since the fishmarket wall and you haven't yet found a reason to stop.

Mireth's letter is included, separate from the formal revocation. You recognize her handwriting—precise, slightly leftward-leaning, the script of someone who was taught penmanship as a form of professional discipline. The letter is brief:

""Your work in Karet Bay was technically outstanding and professionally indefensible. The structural modifications you performed exceeded your assessment authority by a margin I lack the vocabulary to quantify diplomatically. The Academy cannot support unauthorized structural modification of civilian buildings, regardless of the outcome. Your assessment privileges are suspended indefinitely.""

There's a postscript, in smaller handwriting: ""The readings you transmitted were the most detailed field data we've received in three years. The irony is not lost on me.""

Elara reads the letter over your shoulder. She smells of chalk dust and the herbal solution she uses to clean her tools.

""Suspended indefinitely,"" she says. ""That's institutional for 'you scared them.'"" She hands you a cup of something dark and aromatic that is definitely not tea and is probably not entirely legal to distill in a residential basement. ""So. What now?""

What now is: you stay. The word doesn't feel like defeat. It feels like the answer to an equation you've been solving since you arrived—the variable that balances the expression, the value that makes the cost and the outcome equivalent at last. There is work to do. You know how to do it. The district needs someone who shows up.

You show up.",,adjust_scholar_rep:-20,c_cse_1,Continue.,,navigate:ending_craft,,,,,,,,,,,,,,,,,,,,,,,,,,
craft_hard_path,narrative,"Your body is telling you things you've been trained to measure in other people's infrastructure and have never been forced to measure in yourself. Energy reserves critical. The deficit isn't a number anymore—it's a physical sensation, a hollowing behind your sternum that makes each breath feel like drawing from an empty well. Your hands are shaking. Not the fine tremor of fatigue—the deeper, structural tremor of a system running past its tolerances.

Elara sees it. She's been watching you the way she watches her circles: with practical attention, monitoring for the signs that precede collapse.

""Stop."" Her voice is flat and firm. ""You're past the safety margin.""

But there's another building. You can see it from here—the Atherton block, four streets over, where the upper-floor drainage has been failing for weeks and the structural damage from water infiltration is following the same pattern you've seen all day. Another wall. Another family. Another piece of infrastructure that will fail if no one acts, and you are someone, and you know how to act.

This is how distortion starts. You know this because you studied it at the Academy—not as a personal risk but as a theoretical phenomenon, safely described in textbooks with diagrams and probability tables. The unbalanced exchange. The alchemist who draws from reserves that don't exist, forcing the conversion to find fuel somewhere, and the somewhere is always the alchemist's own physical structure. Organic matter converted without consent. The technical term is somatic transmutation. The common term is the one that matters: distortion.

One more repair. One more building. One more person you can't walk away from. The equation is simple and the equation is a lie, because there is always one more building and the cost of one more is always more than one.",,,c_chp_1,Stop.,,navigate:craft_soft_ending,,c_chp_2,One more.,,navigate:death_distortion_craft,,,,,,,,,,,,,,,,,,,,,
death_distortion_craft,narrative,"You draw the circle. Your hands move with the muscle memory of a day's practice, finding positions and geometries that your conscious mind is too depleted to direct. The chalk line wavers—you can see it wavering—but the pattern is close enough. Close enough is what you've learned today. Close enough is what kills you.

The activation requires energy you don't have. Your reserves are a number below zero, a deficit that exists in the theoretical space where the body's alchemical potential has been fully expended and the exchange begins looking for alternative fuel sources. You know what happens next. You learned it in a lecture hall, sitting in a comfortable chair, taking notes in clean handwriting with clean hands.

The circle activates. The resonance is wrong—a pitch too low, a frequency that vibrates in your bones rather than in the materials. The stone wall ripples, not like liquid but like something remembering that it was once liquid, that solidity is a temporary condition, that everything is convertible if you push hard enough.

You look down at your hands. Crystal is forming in the joints of your fingers—slow, precise, beautiful in the way that all alchemical processes are beautiful when they're working exactly as designed. Your knuckles catch the light. The crystal is clear, with a faint amber hue. It doesn't hurt yet. It will.

Distortion. Somatic transmutation. The exchange found its fuel, and the fuel was you.

The wall holds. Your hands don't. Your wrists stiffen. The crystal spreads.

Elara catches you as your knees give way. She's saying something—shouting something—but the sound is distant now, filtered through the ringing in your skull and the copper taste flooding your mouth. ""I told you to stop. I told you."" She's crying. You want to tell her the wall is fixed, that the building will stand, that thirty families will wake up tomorrow under a solid ceiling. But your mouth doesn't work the way it used to, because your jaw is doing something it shouldn't, and your vision is narrowing to a single point of light.

The point of light contains—for one perfect, terrible moment—the exact calculation of what you paid. Every variable, every coefficient, every term in the equation balanced at last. The exchange is always balanced. That's the first thing they teach you at the Academy, and it's the last thing you learn in Karet Bay.

The cost was real. The cost was yours. The wall holds.

[GAME OVER — THE COST OF CRAFT]",,,c_ddc_1,Begin again.,,navigate:start,,,,,,,,,,,,,,,,,,,,,,,,,,
ending_craft,ending,"Six months later. The season has turned twice since you arrived in Karet Bay with a field satchel and a credential and the institutional confidence of someone who had never been asked to fix anything they'd assessed. The satchel is worn now. The credential is revoked. The confidence has been replaced by something less comfortable and more useful: competence earned by doing, tested by failing, refined by the daily practice of showing up in a place that needs you and doing the work that needs doing.

You live in Karet Bay. The sentence would have horrified you six months ago—a Measured Scholar, living in a failing district, doing unauthorized infrastructure work with a Freehand-trained alchemist in a basement workshop. It doesn't horrify you now. It's just accurate.

Elara teaches you the things the Academy never could. How to read a building by touching its walls, feeling the resonance of its support structures through your palm the way a physician reads a pulse. How to listen when someone tells you what they need, instead of telling them what you've determined they should have. How to work with what exists rather than mourning what doesn't. How to let adequate be enough.

You teach her the things the Academy taught you. Stress analysis—the formal mathematics behind her intuitive structural assessments. Material science—the chemistry of the bonding agents she uses by instinct. Energy optimization—the theoretical framework that explains why her circle geometries work, which she finds alternately fascinating and hilarious. ""I've been doing eigenvalue decomposition,"" she says one evening, staring at your equations. ""For three years. Without knowing the word."" She laughs until she cries.

Together, you've repaired thirty-two buildings, two water mains, and the southern section of the seawall. The seawall work took three weeks and nearly killed both of you and was the most important thing you've ever done. The district calls you ""the Scholar who stayed."" You don't correct them, because the correction would require explaining that you're not really a Scholar anymore, and the explanation would require caring about a distinction that has ceased to mean what it used to.

Your formal assessment of the crane anomaly was never filed. The data didn't disappear—Dima included your structural readings in his chronicle, with meticulous attribution, and Nev's independent report to the Republic's oversight committee referenced your field measurements. The system got the data. It just didn't get it through the channels the system designed for receiving data, which means the system will spend more energy arguing about the methodology than acting on the conclusions. This surprises no one.

The work continues. Every morning you wake up in a district that is marginally better than it was yesterday, because yesterday you and Elara fixed something. Not everything. Not enough. But something, which is the difference between a place that is failing and a place that is being maintained by people who refuse to let it fail.

The cost was real. The cost was yours—your career, your credentials, your clean hands and your institutional standing and the comfortable certainty that someone else would do the hard part while you wrote the assessment. In a world where someone always pays, you chose to pay with the only currency that mattered: showing up and doing the work.

Your hands are not clean anymore. They are scarred and calloused and stained with alchemical residue that has settled into the creases of your skin like a second set of lines, a second map, the permanent record of every circle drawn and every junction sealed and every wall held together by the stubborn insistence that buildings should not fall on people.

You hold them up to the morning light. They look like Elara's now. They look like they belong to someone who has done real work.

[ENDING: THE CRAFT]",,,c_ec_1,Begin again.,,navigate:start,,,,,,,,,,,,,,,,,,,,,,,,,,
kaelen_proposition,narrative,"Kaelen finds you in the back room of the Freehands safehouse, which is remarkable for two reasons. First, because the Freehands safehouse has a back room, which suggests a level of organizational infrastructure that your report will need to carefully not mention. Second, because Kaelen has cleaned up.

He is wearing a different shirt. This is the dock worker equivalent of arriving in formal evening wear. The burn scars on his forearms are visible below rolled sleeves, and his hands—the same hands that drew a Level 2 reinforcement circle on a forty-year-old crane with improvised paste—are folded carefully on the table in front of him, as though he has rehearsed this.

""The crew has been talking,"" he says. ""They trust you.""

He sits across from you. The lamplight catches the lines of his face, and you realize he looks tired in a way that has nothing to do with sleep.

""We have a plan for the seawall. Not a Scholar's plan—a workers' plan. Distributed repairs using the Freehands network, community labor, shared cost. The Red Harrow principle, applied to infrastructure."" He watches your face while he says it, the way you watch a diagnostic plate for the moment it tells you something you don't want to know. ""We need someone who can do the calculations. Someone the crew trusts. Someone who has seen the numbers and chose to stay anyway.""

He means you. The Scholar who stayed. The field evaluator whose career trajectory now resembles the structural integrity of a Tier 1 bonding paste under repeated stress loads—technically viable, practically uncertain, and heading in a direction the original design did not anticipate.

""What do you say, Scholar?""",,adjust_worker_rep:5,c_kp_1,Hear the plan.,,navigate:line_crew_meeting,,c_kp_2,Ask about the risks.,,navigate:line_risks,,c_kp_3,Decline.,,navigate:freehands_safehouse,set_flag:declined_kaelen_line_path:true,,,,,,,,,,,,,,,
line_risks,narrative,"""Risks?"" Kaelen holds up a hand and begins counting on fingers that have clearly had a long professional relationship with heavy objects.

""Unauthorized structural work on critical infrastructure. CEA interference if anyone notices—and someone always notices. Running out of materials before we finish, which means we'd leave the seawall half-repaired, which is arguably worse than leaving it alone because a partially reinforced structure fails differently than an unreinforced one."" He pauses. ""Running out of people willing to work for free. Someone getting hurt because we're not professionals—except we are professionals, we've been doing this work for twenty years, we just don't have the paperwork.""

He runs out of fingers on one hand and switches to the other.

""Oh, and there's a CEA inspection scheduled for next week. If they find unauthorized circle work on load-bearing infrastructure, everyone involved gets fined or arrested. Not fined and then arrested—one or the other, depending on whether the inspector has met quota for the month."" He lowers his hand. ""That's the real risk. Not the work. The work we can do. It's the part where we get caught doing it by the people who should have done it themselves.""

The silence that follows is the silence of someone who has laid all his cards on a table that isn't very clean and is waiting to see if you'll sit down anyway.",,,c_lrisk_1,Hear the plan anyway.,,navigate:line_crew_meeting,,c_lrisk_2,Decline.,,navigate:freehands_safehouse,set_flag:declined_kaelen_line_path:true,,,,,,,,,,,,,,,,,,,,
line_crew_meeting,narrative,"The meeting takes place around a table in Brin's safehouse that was clearly designed for six people and is currently accommodating twelve through the aggressive application of optimism and folding chairs.

You recognize faces from your time in the district: Gerd, the pipe fixer whose improvised circle work held the tenement quarter's water supply together through sheer stubbornness. The woman who told the Red Harrow story at the docks, sitting with her arms crossed and the posture of someone who has earned her opinions through direct experience. Two young workers from the crane crew who look at Kaelen the way structural supports look at load-bearing walls—like he's the only thing keeping them upright.

Brin is there, arms crossed, standing against the far wall in the posture of someone who has hosted enough of these meetings to know exactly when things will go sideways and how long she can wait before intervening. She nods at you once. It is exactly one nod more than you expected.

Kaelen stands and presents the plan. He has drawn it on a piece of salvaged paper in the careful, slightly oversized handwriting of someone who learned to read late and has been making up for it ever since.

The plan is this: coordinate every available worker in the district for a continuous forty-eight-hour repair operation. Target the three critical failure points—the seawall, the water mains, the fishmarket retaining wall. Use the Freehands network for labor, materials, and communication. Run three shifts to keep fresh hands on the work at all times.

""Distributed cost,"" he says. ""Everyone carries a piece. Nobody carries it alone.""

The room is quiet. Not skeptical quiet—thinking quiet. The quiet of people calculating what they can afford to give.",,,c_lcm_1,Volunteer your calculations.,,navigate:line_volunteer,adjust_worker_rep:10,c_lcm_2,Suggest improvements.,,navigate:line_improvements,,c_lcm_3,Observe silently.,,navigate:line_observe,,c_lcm_4,This is beyond your assignment — walk away.,,navigate:seek_answers,set_flag:declined_kaelen_line_path:true,,,,,,,,,,
line_volunteer,narrative,"You spread your diagnostic data across the table. The workers lean in—not because they can read alchemical notation, but because they can read the expression of someone who is trying to help and has useful information.

You explain the seawall's failure points using language stripped of academic abstraction: here is where it is weakest, here is where a repair will do the most good, here is the sequence that minimizes material waste and maximizes structural gain. You lay out the water system's vulnerabilities—the three joints where Tier 1 paste has been doing the work of Tier 2 reinforcement for months, slowly degrading under pressure it was never designed to hold. You calculate the material requirements, the fuel costs, the energy expenditure per shift.

For the first time all day, your calculations feel useful. Not as an abstract assessment that will sit in a filing cabinet while buildings fail, but as a tool that people can pick up and use. A bridge between knowing what's wrong and doing something about it.

Gerd studies the material estimates and whistles low through his teeth. ""So we need this much material, this many circles, this many people, and someone who can draw reinforcement patterns that don't look like they were done by a dog with a piece of chalk?""

Everyone looks at you.

""My circles are adequate,"" you say, which is the Scholar's way of saying yes.",,set_flag:line_volunteer:true,c_lvol_1,Continue.,,navigate:line_material_sourcing,,,,,,,,,,,,,,,,,,,,,,,,,,
line_improvements,narrative,"You study Kaelen's plan in silence for three minutes while the room watches you the way dock workers watch a crane under load—waiting to see if it holds.

Then you start making modifications. Priority ordering: seawall first, because its failure mode is catastrophic and immediate; water mains second, because the tenement quarter has been on reduced flow for six weeks and reduced flow becomes no flow faster than people expect; fishmarket wall third, because it is the most stable of the three and can wait another forty-eight hours without significant risk escalation.

You suggest material conservation techniques from your training—methods for extending Tier 1 bonding paste by mixing it with specific mineral compounds that increase adhesion without requiring additional fuel. You draft a schedule that accounts for worker fatigue, noting that circle work performed by exhausted hands is circle work that fails under stress, and that a rotating three-shift system with mandatory rest periods will produce better results than continuous labor.

Kaelen listens to every word. When you finish, he nods once—the nod of a man who has been carrying a plan and just felt someone else take part of the weight.

""That's what we needed,"" he says. ""Someone who can see the whole system."" He looks at the room. ""We go tomorrow night. Scholar's plan, workers' hands.""

You do not correct the attribution. It is a workers' plan. You just helped it stand up straighter.",,set_flag:line_improvements:true|adjust_scholar_rep:5,c_limp_1,Continue.,,navigate:line_material_sourcing,,,,,,,,,,,,,,,,,,,,,,,,,,
line_observe,narrative,"You sit back and watch the meeting unfold. This is what you were trained to do—observe, assess, calculate. Old habits. Comfortable ones.

The workers debate. They argue about priorities, about resources, about who can spare the hours and who has family obligations that can't bend. A young woman from the crane crew says the fishmarket wall should come first because her grandmother lives behind it. Gerd says the water mains are more urgent because eighty families are on reduced flow. Brin says both of them are wrong and the seawall takes priority because when seawalls fail, everything behind them fails too.

Brin mediates with the patience of someone who has been resolving disputes since before most of this room was born. Kaelen leads by listening—an unusual quality in a foreman, the ability to hold space for disagreement without rushing toward resolution. When the argument loops, he restates both positions clearly and asks what they'd need to know to decide. It is, without anyone acknowledging it, a structured decision framework. The kind they teach in the second year at the Measured Scholars academy. Kaelen has never been inside the academy. He reinvented the method from the raw material of necessity.

It's democracy in its most physical form—people deciding together how to distribute the cost of fixing what someone else broke. Nobody appoints a leader. Nobody files a motion. Nobody invokes parliamentary procedure or regulatory precedent. They just figure it out.

You make notes in your ledger. Not for the report. For yourself.",,,c_lobs_1,Continue.,,navigate:line_material_sourcing,,,,,,,,,,,,,,,,,,,,,,,,,,
line_material_sourcing,narrative,"Materials. The eternal problem. You can have all the skilled hands and good intentions in the world, but without bonding paste and fuel blocks, intention is just a word for what you wanted to do before reality intervened.

The Freehands network has enough Tier 1 material stockpiled for the water main repairs—Brin's people have been quietly accumulating supplies for months, a crate here, a salvaged pallet there, the slow patient work of people who have learned that official supply lines don't reach this far down. The fishmarket wall can be covered by Brin's salvage operation, which has been pulling reusable bonding material from decommissioned structures across the district.

But the seawall. The seawall needs Tier 2 materials—reinforcement paste rated for sustained structural loads, the kind that doesn't degrade under repeated stress cycles. The kind that hasn't existed in this district since the CEA redirected the maintenance allocation seven months ago.

Kaelen leans forward. ""The CEA staging area at the district boundary. They've still got crates of our rerouted maintenance materials sitting there, waiting for transport upriver. Fourteen crates, last I counted. Tier 2 paste, fuel blocks, bonding agents—everything we need for the seawall.""

He looks at you steadily.

""It's our material. They took it from our allocation. We're taking it back.""

The room is quiet. This is the part of the plan that leaves fingerprints.",,,c_lms_1,Agree to reclaim the materials.,,navigate:line_staging_raid,,c_lms_2,Suggest buying black-market materials instead.,,navigate:line_black_market,,c_lms_3,Find another way.,,navigate:line_alternative_source,,,,,,,,,,,,,,,,
line_staging_raid,narrative,"The night operation at the CEA staging area begins at 0200 and moves with the precise, wordless efficiency of people who spend their lives loading and unloading crates—just in the other direction this time.

Kaelen's crew knows the staging area layout because they built most of it. They know which gates stick, which sight lines are blind spots, which section of the perimeter fence has been quietly unfixed since a storm took it down three months ago and the repair requisition got lost somewhere between filing and caring. You provide the technical assessment: reading crate markings, identifying which containers hold the Tier 2 paste and which are bulk filler material that would waste their limited transport capacity.

Two hours. Fourteen crates. Enough Tier 2 bonding material for the seawall repairs and then some.

The crates are distributed through the Freehands network before dawn—broken into smaller loads, moved through the district's informal channels, stored in basements and back rooms across Karet Bay. By the time the CEA's morning shift notices the inventory discrepancy, the material has ceased to exist as a line item and become part of the district.

""That,"" says someone on the crew as the last crate disappears into the network, ""was the most productive theft I've ever been part of.""

You don't correct the word ""theft."" The paperwork says the materials were allocated to this district. The paperwork is, for once, not wrong.",,adjust_state_chaos:5|adjust_worker_rep:5|add_item:reclaimed_materials:1|set_flag:committed_line:true,c_lsr_1,Continue.,,navigate:line_first_repair,,,,,,,,,,,,,,,,,,,,,,,,,,
line_black_market,narrative,"The black market operates out of a series of connected basements in the warehouse district, distinguished from legitimate business primarily by the absence of anyone who would admit to being in charge and the presence of several people who look like they would prefer you hadn't come.

The materials available are Tier 1—workable but not ideal for sustained seawall reinforcement. They'll hold under normal conditions. Under sustained storm stress or heavy tidal load, they will begin to degrade. It is a compromise. All available options, at this point, are compromises.

The cost is steep. Brin negotiates with the calm, unflinching patience of someone who has been buying and selling in these basements since before the current proprietor was born. The seller—a thin man with nervous hands and a surprisingly sophisticated understanding of bonding paste chemistry—looks at your Scholar insignia and doubles the price.

Brin looks at the seller.

The expression on her face is difficult to describe in language suitable for official documentation. It contains elements of disappointment, professional evaluation, and the quiet certainty of someone who has three decades of salvage network contacts and an encyclopedic memory for who owes what to whom.

She says something that is not fit for a chronicle, a scholarly record, or the delicate constitution of anyone who has not spent significant time in the company of dock workers.

The price returns to normal.

You pay from the crew's pooled funds. The materials are loaded and moved before the seller can reconsider his life choices.",,adjust_energy:-5|add_item:reclaimed_materials:1,c_lbm_1,Continue.,,navigate:line_first_repair,,,,,,,,,,,,,,,,,,,,,,,,,,
line_alternative_source,narrative,"You suggest a third option. Using the diagnostic plate data from your assessment, you can identify which existing structures in the district have material reserves that can be safely redistributed—walls that were over-reinforced in previous repair cycles, decommissioned infrastructure whose bonding material is still viable, structures scheduled for demolition whose Tier 2 components can be extracted and repurposed.

It is, you explain, a calculated redistribution. Not theft. Not black market procurement. A systematic reallocation of existing resources based on structural priority analysis. The seawall gets what it needs. The donor structures lose material they can afford to lose. The numbers work. You've checked them twice.

Kaelen is skeptical. ""Your way is slower. We'd need two extra days to extract and prepare the material.""

""But it's legal. Or close enough. If we get caught with CEA crates, the whole operation stops before it starts. If we get caught redistributing existing district materials based on a Scholar's structural assessment, that's—"" You search for the right word. ""That's a filing irregularity.""

""A filing irregularity,"" Kaelen repeats, the way someone repeats a phrase in a foreign language they don't entirely trust.

""At worst.""

He looks at the crew. The crew looks at him. Someone shrugs.

""Your way, Scholar. Slower. Careful. Very Scholar of you."" There is, surprisingly, no contempt in this. If anything, it sounds like respect wearing unfamiliar clothes.",,adjust_scholar_rep:5|add_item:reclaimed_materials:1,c_las_1,Continue.,,navigate:line_first_repair,,,,,,,,,,,,,,,,,,,,,,,,,,
line_first_repair,narrative,"The first repair: the water mains in the tenement quarter.

Twenty workers organized into teams by Brin, directed by your calculations, fueled by a combination of pooled Tier 1 blocks and something that might be determination or might be stubbornness but is functionally indistinguishable from either. You draw the reinforcement circles yourself—clean lines, proper geometry, the circles your instructors would have approved of applied to infrastructure your instructors would have pretended didn't exist.

The work is physical, communal, and exhausting. Your hands ache. Your personal energy reserves are dropping and you can feel it in the way the chalk wants to waver, the way precision becomes a thing you have to fight for instead of a thing that comes naturally. Kaelen works beside you, and when your hand shakes on a critical line, he steadies your arm without comment—one worker helping another.

When the last circle activates and the water system pressurizes for the first time in six weeks, there is a sound from inside the building. A pipe groaning back to life. Then water running. Clean water, flowing through repaired mains into homes that have been carrying it up three flights of stairs in buckets.

A woman on the second floor opens her window and applauds.

One person clapping. Slowly. Then another window opens. Then another. The sound of people who have been waiting for this, who had stopped believing it would come, watching it arrive anyway.

You stand in the street below with chalk on your hands and plaster dust in your hair, and for the first time in your career, the math feels like it was worth doing.",,adjust_stability:5|adjust_energy:-10,c_lfr_1,Continue to the next target.,,navigate:line_inspection_problem,,c_lfr_2,Take a rest.,,navigate:line_rest,,,,,,,,,,,,,,,,,,,,,
line_rest,narrative,"Tea. Bread. Five minutes of sitting still on an overturned crate behind the tenement building while the crew rotates shifts around you.

Kaelen sits down next to you with the controlled descent of someone whose knees have opinions about the last six hours. He accepts tea from a woman you don't recognize—another Freehands member, materializing from the network the way they do, carrying supplies that don't appear in any inventory.

""You're not what I expected from a Scholar,"" he says, staring at the street.

""What did you expect?""

""Someone who watched.""

You look down at your hands. They are covered in chalk dust, bonding paste residue, and honest dirt—the grime of physical work performed in poor conditions with inadequate tools. There is a blister forming on your right palm where the stress gauge rubbed during the mains repair. Your fingernails are cracked. The callus that is beginning to form on your index finger is in the same place you've seen it on every dock worker you've met today.

They don't look like a Scholar's hands anymore.

You're not sure they should.",,,c_lrest_1,Continue.,,navigate:line_inspection_problem,,,,,,,,,,,,,,,,,,,,,,,,,,
line_inspection_problem,narrative,"The problem arrives the way problems always arrive in Karet Bay—wearing institutional authority and terrible timing.

The CEA inspection has been moved up. Tomorrow. Not next week, as the published schedule indicated—tomorrow, first thing, a full structural compliance audit of the lower dock district with particular attention to unauthorized circle work on load-bearing infrastructure. Someone tipped them off. Someone always tips them off.

Brin delivers the news with the flat expression of a woman who has been evading institutional attention for thirty years and recognizes the sound of a net closing.

""Full inspection team. Three auditors, two enforcement officers. They'll check every load-bearing surface in the district."" She pauses. ""Including the ones we just fixed.""

The math is immediate and unforgiving. The water mains you repaired are covered in fresh circle work—your circle work, drawn with precision that will immediately identify it as trained Scholars' work performed without authorization. The bonding paste is new. The fuel residue is fresh. An auditor with functioning eyes will see it in thirty seconds. An auditor without functioning eyes will trip over it.

Kaelen looks at you. His face has the expression of a man standing at a junction where all available paths lead somewhere difficult.

""If we stop now, the water mains hold. That's something. But the seawall doesn't get fixed, and next storm season, everything behind it is at risk."" He glances at the crew. ""If we keep going, we have to deal with the inspection. One way or another.""",,,c_lip_1,Sabotage the inspection.,,navigate:line_commitment,,c_lip_2,Stop the operation and go official.,,navigate:line_retreat,,,,,,,,,,,,,,,,,,,,,
line_retreat,narrative,"You could stop. Walk away from this table, this safehouse, these people, and go back to being a Scholar. File the report. Submit the assessment. Let the system grind through its processes—the forms, the committees, the quarterly reviews—and eventually, in its own time, in its own way, produce an outcome that arrives three months after the buildings it was meant to save have already fallen down.

The water mains are fixed. That's something. That's more than anyone expected from a junior field evaluator sent down to check a crane.

The seawall still needs work. But that's someone else's problem now. Except it isn't. You know the numbers. You drew the diagnostic yourself. You can see the failure cascade in your mind as clearly as you can see the people sitting around this table—the sequence of structural collapses that begins with the seawall and ends with the tenement quarter's foundations failing under tidal stress loads they were never designed to absorb.

Someone else's problem is a phrase that contains a hidden cost, and you have spent all day learning to see hidden costs.

Kaelen looks at you without judgment. Without pressure. Without the expression of someone trying to convince you of anything. Just the steady gaze of a man who has made his choice and is waiting to see if you'll make yours.

""Nobody's making you stay,"" he says. ""Nobody would blame you for walking. You've already done more than any Scholar who ever came down here.""

He means it. That's the worst part.",,,c_lret_1,Stay. Sabotage the inspection.,,navigate:line_commitment,,c_lret_2,Leave.,,navigate:seek_answers,,,,,,,,,,,,,,,,,,,,,
line_commitment,narrative,"You pull out your Scholar's authorization seal and your institutional access ledger. Your hands are very steady—the steadiness of someone who has made a decision and is watching themselves make it from a slight distance, the way you'd watch a structural element reach its load limit.

You file a procedural delay request for the CEA inspection, citing ""ongoing assessment requiring undisturbed site conditions per Scholars' Protocol 7, subsection 3: field evaluator discretionary hold."" It is a real protocol. It does grant field evaluators the authority to delay institutional interference with active assessment sites. It was designed for situations where an inspector's presence might disturb delicate diagnostic readings.

It was not designed for this.

The request buys seventy-two hours. Three days. Enough time to finish the seawall if the crew works continuous shifts. It is also a fraudulent use of institutional authority, filed under your name, with your seal, attached to your credentials. When Toris finds out—not if, when—your career in the Measured Scholars is over. Not damaged. Not set back. Over.

Kaelen watches you file the request. He says nothing until the seal is pressed and the document is sealed.

""That's one of those things you can't un-do.""

""I know.""

""Welcome to the crew, Scholar.""

The title means something different now.",,set_flag:inspection_sabotaged:true|adjust_scholar_rep:-20|adjust_worker_rep:15,c_lcom_1,Continue.,,navigate:line_night_work,,,,,,,,,,,,,,,,,,,,,,,,,,
line_night_work,narrative,"The seawall repair operation begins at dusk and does not stop.

Forty workers. Three shifts. Kaelen commanding the crews with the same focused intensity he brought to Crane Seven—the attention of a man who understands that the cost of failure isn't abstract, it's the people standing next to him. Brin coordinating the material supply through the Freehands network, crates appearing from basements and back rooms across the district like a supply chain that exists only in the minds of people who trust each other. You directing the circle work, drawing reinforcement patterns on ancient stone by lamplight, your chalk lines cleaner and faster than anything you produced in the academy—because in the academy you were drawing for grades, and here you are drawing so that buildings don't fall on people.

The whole district is working together in the dark. Neighbors carrying supplies to workers they've never met. An old woman on the fishmarket street boiling tea in industrial quantities and passing cups to anyone whose hands are free. A child running messages between work sites with the speed and navigational confidence of someone who has spent their entire life in these streets and knows every shortcut, every low wall, every gap in every fence.

It is the most beautiful thing you have seen in Karet Bay. Not beautiful in the way the upper city is beautiful—designed, maintained, paid for. Beautiful in the way a load-bearing structure is beautiful when you understand what it's holding up.",,,c_lnw_1,Focus on the critical section.,reputation_check:workerRep:>=:50,navigate:line_climax,,c_lnw_2,Try to cover everything.,reputation_check:workerRep:<:50,navigate:line_overextend,,,,,,,,,,,,,,,,,,,,,
line_climax,narrative,"The workers trust you completely. When you call for a shift change, they change. When you redirect resources from the fishmarket wall to the seawall's critical southern section, they follow without hesitation—not because you're a Scholar, not because of your credentials or your seal or the authority that comes with institutional backing. Because you are standing in the dark with chalk dust on your hands doing the same work they are doing, and they have decided you are one of them.

The critical section of the seawall—the fifty-meter stretch where your diagnostic readings showed Tier 0 bonding paste holding back tidal forces it was never rated for—receives proper Tier 2 reinforcement for the first time in seven months. You draw the circles yourself, the most important work you have ever done, while Kaelen holds the lamp and Gerd mixes the paste and a young woman from the crane crew passes you tools with the quiet efficiency of someone who has found her place in a system that works.

By dawn, the wall holds. Not perfectly—the northern section still needs another two days of work, and the junction points between old and new material will need monitoring through the next tidal cycle. Not permanently—nothing is permanent, that's the first thing they teach you about structural engineering, everything is just time and maintenance and the willingness to keep showing up.

But enough. The bay pushes against the repaired section and the section pushes back. The forces balance. The math resolves.

Forty workers stand on the dock and watch the sunrise hit a wall that isn't falling down.

Nobody says anything. There isn't anything to say that the wall isn't already saying.",,adjust_stability:15,c_lcx_1,Morning.,,navigate:ending_line,,,,,,,,,,,,,,,,,,,,,,,,,,
line_overextend,narrative,"Not enough trust. Not enough coordination. The operation is spreading too thin, pulled in three directions by three critical failures that each demand full attention and can't all have it.

Workers are exhausted—running on their third shift without adequate rest, their circle work getting sloppy, their hands shaking on the tools the way yours shook on the water main repair before Kaelen steadied your arm. But there are too many arms to steady now and not enough hours in which to steady them. Arguments break out about priorities: the seawall crew wants more material, the water main team says they're not finished, someone at the fishmarket wall is shouting that the entire southern section is delaminating and nobody is listening.

You try to hold it together with calculations. Reallocation formulas, priority matrices, resource optimization models—the analytical tools that got you through the academy and got you this assignment and have been, until this moment, sufficient. But calculations need people to execute them, and people need to trust the person doing the calculations, and trust is the one resource you cannot generate by working harder.

Kaelen is shouting—not at anyone, at the situation, at the gap between what they planned and what is happening. Brin is pulling workers off the seawall to handle a water main emergency because water is immediate and seawalls are eventual, and the logic is sound but the cost is the seawall section you spent all night reinforcing, now undermanned and under-supplied.

The operation is failing. Not catastrophically—not yet—but in the slow, grinding way that infrastructure fails. One compromise at a time. One resource too few. One hour too late.",,,c_lox_1,Cut your losses and secure what you have.,,navigate:ending_line_partial,adjust_stability:5,c_lox_2,Push through.,,navigate:death_crackdown,,,,,,,,,,,,,,,,,,,,,
death_crackdown,narrative,"The CEA arrives before dawn.

Three enforcement vehicles. Armed officers with authorization-revocation seals and the particular expression of people who have been sent to make an example. Someone called them—not the scheduled inspection, not your delayed audit, but someone else entirely, someone who saw forty workers doing unauthorized structural work in the dark and decided that what was happening was not community repair but criminal activity.

The operation collapses. Workers scatter into the Freehands network—the same network that organized them now providing escape routes through basements, back alleys, and doors that weren't there yesterday. But not everyone makes it. Kaelen is arrested at the seawall, his hands still covered in bonding paste, caught in the act of reinforcement like it's something to be ashamed of. Brin disappears so completely that you are not certain she was ever standing next to you, which is both impressive and deeply unsettling.

You are detained at the staging area with your Scholar credentials voided on the spot and your procedural delay request—your fraudulent, career-ending, seventy-two-hour delay request—presented as evidence of institutional conspiracy to undermine CEA enforcement authority.

The seawall section you reinforced holds. You can see it from the enforcement vehicle's window, standing against the morning tide like a promise someone kept. The sections you didn't reach—the northern stretch, the junction points, the areas where workers were pulled away to handle the water main crisis—won't. The next storm will tell you exactly how much of the cost you failed to carry.

In the interrogation room, under institutional light that makes everything look like evidence, you think about Mireth's briefing. Don't get creative down there. She was right. You got creative. The cost was everyone else's freedom.

[GAME OVER — THE LINE BREAKS]",,,c_dc_1,Restart.,,navigate:start,,,,,,,,,,,,,,,,,,,,,,,,,,
ending_line,ending,"Dawn breaks over Karet Bay and the seawall holds—the one you drew for, the one yesterday's numbers said would go first.

There is more to do before anyone calls the district's maintenance honest—ledger lines to reconcile, stretches still waiting their turn—but the failures you measured as hours away are held in check for now. The fifty meters of southern wall that your diagnostics flagged as catastrophic risk, the water main junctions that had been held together by optimism and Tier 0 paste, the fishmarket retaining wall that Gerd's crew reinforced with the focused determination of people who refuse to let a building fall on a fish—solid. Reinforced. Functional.

Forty workers did in three days what the CEA failed to do in seven months. The math on that is uncomfortable for everyone who approved the maintenance budget reallocation, and you intend to make sure the math is published.

Your Scholar credentials are struck from the active registry before the next seal-setting posts—fast enough that the wax might still be warm when the notice reaches you. The formal notification arrives at Brin's safehouse, which is now your mailing address, which says something about how quickly your life has rearranged itself around new load-bearing structures. Toris files a formal complaint so detailed it has appendices. The Revolutionary Council opens an investigation—into Toris, not you, because the district's elected delegate, who was not awake for the repair operation but woke up to find six thousand constituents very enthusiastic about it, decided that popular support was a form of authorization the CEA couldn't override. The argument is improvised law, thin on precedent and heavy on receipts, and it holds. It will be cited in future case law by people who have no idea it was hammered out before the fifth bell by a woman who had been trading salvage in basement markets since before the current council was elected.

Kaelen offers you a position on the dock crew.

""It pays worse than being a Scholar,"" he says. ""Hours are longer. The work wrecks your body. There's no pension, no institutional housing, and nobody will ever ask you to write a twenty-page report about the structural integrity of someone else's suffering.""

You take it.

Brin's network absorbs you the way the district absorbs everything—slowly, practically, without ceremony. You learn to do circle work without diagnostic plates, drawing by feel and experience instead of measurement, the way Kaelen's father must have drawn when he reinforced the seawall the first time. Your hands develop calluses in the places where tools rest and chalk wears skin. They look like the hands of someone who has done real work, and when you look at them, you understand for the first time what the cost actually means—not the calculation of it, not the abstract mathematics of structural load distribution, but the simple, physical knowledge that what you built will hold.

The cost was real. The cost was shared. In a world where someone always pays—sometimes the line holds because everyone holds it together.

[ENDING: THE LINE]",,,c_el_1,Restart.,,navigate:start,,,,,,,,,,,,,,,,,,,,,,,,,,
ending_line_partial,ending,"Dawn comes up tired over Karet Bay. The seawall does not look like a triumph. It looks like work stopped mid-sentence.

What you locked in before the operation frayed—the lengths you drew for, the spans where crews actually got stone and paste into place before trust split and bodies peeled away—still take the morning tide. The rest stays in the numbers you already read: northern runs, junctions you never reached, stretches where three different urgencies pulled the same hands in three directions. The next storm will not forgive the gaps. It will only measure them.

Your Scholar credentials are struck from the active registry before the next seal-setting posts. The formal line reaches you at Brin's safehouse, which is your mailing address now, which tells you how fast load-bearing things can rearrange. Toris files a complaint thorough enough to need its own table of contents. The Revolutionary Council opens proceedings—who gets named depends on which faction's voice carries this week, and the arguments sound less like law than like people improvising authority after a night no ledger predicted. None of that hands you your old title back. Enough of it keeps you from vanishing entirely.

Kaelen still offers you a place on the dock crew.

'It pays worse than being a Scholar,' he says. 'Hours are longer. The work eats your shoulders. No pension, no institutional roof, and nobody will thank you for a twenty-page assessment of why someone else's corner of the world is cracking.'

You take it.

Brin's network folds you in the way the district folds in anyone useful—no speech, just shared shifts, borrowed chalk, circle work done by feel when plates are not an option. Your hands roughen where tools rest; the wear means something different than equations on vellum. The cost was real, and unevenly paid. What held did not hold because the story stayed clean. It held because enough people chose the line before they chose the alibi.

[ENDING: THE LINE]",,,c_elp_1,Restart.,,navigate:start,,,,,,,,,,,,,,,,,,,,,,,,,,
ash_proposition,narrative,"The night market hums with its usual commerce of things that aren't strictly supposed to be sold. You're navigating between a stall hawking ""medicinal"" fuel distillates and one offering clearly stolen diagnostic plates when someone falls into step beside you.

No hood this time. You can see their face—mid-twenties, sharp features, the kind of bone structure that looks designed for arguments and has probably won most of them. Burn scars run along both forearms, the distinctive patterning of alchemical feedback. Self-fueled work. The kind that costs you something personal.

""You've seen the numbers,"" Ash says. Not a greeting. Not a question. The pamphleteer apparently considers social preamble a form of institutional delay. ""The institution won't fix this because the institution IS this. Every day you wait for proper channels, more material flows upriver and the seawall gets closer to failing.""

They stop walking. The market noise folds around you like a privacy screen.

""I have a plan. Three CEA material transfer points—the staging area, the pumping station, the distribution office. We disrupt them. Force the materials to stay in the district."" Ash's voice is calm, precise, the tone of someone presenting a field report rather than a conspiracy. ""Not permanently. Just long enough for the right people to notice.""

You stand in the middle of a night market being recruited for infrastructure sabotage by someone who buys pamphlet ink in bulk. The republic's institutional framework did not prepare you for this particular scenario.",,set_flag:red_plan_heard:true,c_ap_1,Hear the full plan.,,navigate:red_plan_detail,,c_ap_2,"Ask who the ""right people"" are.",,navigate:red_target,,c_ap_3,Decline.,,navigate:night_district,,,,,,,,,,,,,,,,
red_target,narrative,"""The transit rail project has three sponsors on the Revolutionary Council."" Ash ticks them off on scarred fingers. ""Alderman Dresser. Committee Chair Valis. Deputy Secretary Moune. Between them, they've invested enough political capital in that railway to build a second one.""

They lean against a market post. The casual posture of someone who has rehearsed being casual.

""If the material flow stops, they lose money. If they lose money, they start asking questions about why a junior field evaluator's crane assessment led to a logistics disruption that stalled their pet project. The disruption becomes an investigation. The investigation finds what you found."" Ash lets that sit. ""The redirected allocations. The starved districts. The seawall maintenance that exists on paper and nowhere else.""

They smile. It's not a pleasant smile. It's the smile of someone who has run the numbers on justice and found the answer comes with a cost.

""The system responds to cost. So we give the system a cost it can't ignore.""",,,c_rt_1,Hear the full plan.,,navigate:red_plan_detail,,c_rt_2,Decline.,,navigate:night_district,,,,,,,,,,,,,,,,,,,,,
red_plan_detail,narrative,"The plan is precise. Three transfer points, three disruptions, executed across a narrow window of opportunity.

Ash produces a folded sheaf of diagrams from inside their coat—hand-drawn, meticulous, annotated in a notation system you recognize immediately. Academy standard. Whoever drew these understands infrastructure alchemy at a professional level, the kind that takes years of formal training and a particular obsession with flow dynamics.

""Point One: the warehouse staging area."" A glance that suggests they know exactly what you've been investigating. ""Point Two: pumping station seven—regulates material flow through the underground conduit network. Point Three: the CEA distribution office where Toris's people assign the allocations.""

Each diagram details the target's alchemical architecture: circle configurations, flow directions, structural dependencies. The level of preparation is either reassuring or alarming, depending on how you feel about well-organized criminals.

""Each one requires a different approach. Each one is reversible—we're disrupting, not destroying."" Ash folds the last diagram with care. ""The materials won't be damaged. They'll just be redirected. Back to where they were supposed to go.""

The word ""redirected"" does a lot of work in that sentence. It is doing the work of about six more honest words, several of which would include ""crime.""",,,c_rpd_1,Agree to help.,,navigate:red_gather_intel,,c_rpd_3,Decline.,,navigate:night_district,,,,,,,,,,,,,,,,,,,,,
ash_backstory,narrative,"Ash was a Scholar. The admission comes out flat, like a structural assessment.

""Two years at the Academy. Field theory, infrastructure assessment, applied exchange mathematics."" No false modesty. No pride. The recitation of a credential that no longer applies. ""I saw three excellent reports filed about three different districts. All accurate. All properly formatted. All submitted through the correct channels.""

They hold up three fingers and fold them down one at a time.

""All ignored. The third district had a building collapse eight months after the report was filed. Seven people died. My report predicted it—not the collapse specifically, but the structural degradation that made it inevitable. The math was right there. In the margins. Next to the official stamp that said someone had read it.""

The burn scars. You've been trying not to stare at them.

""Self-fueled alchemy."" Ash follows your gaze. ""Emergency structural support during the collapse. I held a wall up for forty minutes while everyone got out. Forty minutes of channeling your own body's reserves into circle work that was never designed for flesh."" They flex their fingers. The scars pull tight. ""It's not a technique they teach at the Academy. It's a technique you discover when seven people are about to die and you're the only one in the room who understands load distribution.""

A pause. The night market fills the silence with the commerce of people who have learned to solve problems outside of official channels.

""The Academy gave me a commendation. The district got a new budget review. The next year, the budget was cut again."" Ash looks at you with an expression that is not anger. It is the thing that comes after anger, when the anger has been measured and found insufficient. ""I didn't quit because the system was broken. I quit because the system was working exactly as designed.""",,adjust_scholar_rep:-5|set_flag:ash_backstory_known:true,c_ab_1,Agree to help.,,navigate:red_gather_intel,,c_ab_2,Decline.,,navigate:night_district,,,,,,,,,,,,,,,,,,,,,
red_gather_intel,narrative,"Phase one: intelligence gathering. You and Ash scope the three transfer points over two nights with the methodical patience of people who have been trained to assess infrastructure. One currently credentialed. One formerly. The irony is structural.

Point One: the warehouse staging area. Rows of supply crates, CEA logistics staff, a security rotation that runs with the precision of someone in middle management being genuinely competent at their job. You may have been here before. If so, the familiarity has a different weight now.

Point Two: pumping station seven. Underground, accessible through maintenance tunnels beneath the warehouse district. The station regulates material flow through a network of conduits—alchemical arteries that should be feeding the district but have been rerouted to serve the transit rail project instead.

Point Three: the CEA distribution office. Where the numbers live. Where allocations are assigned, transfers authorized, and the paperwork that makes redirection look like policy is generated in triplicate and filed with institutional confidence.

Each target requires a different approach. Each carries its own particular flavor of professional risk. You find yourself thinking of this in assessment terms—threat vectors, structural vulnerabilities, load-bearing assumptions. The Scholar's toolkit, applied to the Scholar's opposite.",,set_flag:red_balance_committed:true,c_rgi_1,Start with the staging area.,,navigate:red_staging,,c_rgi_2,Start with the pumping station.,,navigate:red_pumping,,c_rgi_3,Start with the distribution office.,,navigate:red_distribution,,,,,,,,,,,,,,,,
red_staging,narrative,"The staging area at night. The security rotation gaps that Ash mapped are accurate to within thirty seconds, which is either impressive fieldwork or the kind of inside knowledge that raises questions you're choosing not to ask right now.

You move between crate rows to the flow regulation hub—a cluster of exchange circles inscribed on a stone platform at the center of the conduit network. This is where the direction of material flow is determined: which way the supplies move, which district receives, which district goes without. The circles are standard CEA infrastructure work. Competent. Unremarkable. The quiet machinery of allocation that determines who gets to maintain their seawall and who doesn't.

Ash shows you the mechanism. Three primary flow circles, each governing a branch of the conduit network. Their current orientation sends materials upriver toward the transit rail project. The original orientation—visible beneath newer inscriptions like a palimpsest of institutional priorities—sent them into the district.

""Reverse these three circles and the materials back up into the district instead of flowing out."" Ash traces the circle boundaries with a scarred finger. ""The system assumes flow is one-directional. It's not. Someone just set it that way.""

You examine the circles. The work required is straightforward—any second-year Scholar could manage it. The question has never been whether you can. The question is whether you should.",,,c_rs_1,Reverse the circles.,,navigate:red_staging_done,adjust_energy:-10|adjust_state_chaos:5,c_rs_2,Hesitate.,,navigate:red_hesitation_1,,,,,,,,,,,,,,,,,,,,,
red_pumping,narrative,"The pumping station. Deep underground, where the city's alchemical infrastructure hums with the particular frequency of machinery that has been running so long it has become indistinguishable from geology.

Ash leads you through access tunnels that should be locked. They aren't. ""The CEA cut the security budget too,"" Ash says, and the sentence carries more political theory than most pamphlets manage in a full print run.

Pumping station seven is a cathedral of function: massive exchange circles carved into the bedrock, conduit pipes thick as old timber running in every direction, and at the center, the pump itself—a masterwork of applied alchemy that draws materials through the network with the steady inevitability of a heartbeat. It has been pulling resources out of Karet Bay for seven months. It does not know this is wrong. It is a pump.

The disruption mechanism is elegant in its simplicity. The pump's control circles include a maintenance shutoff—a standard safety feature designed for repair access. Activating it halts all material flow through this section of the network.

""Halt, not damage,"" Ash emphasizes. ""The materials stay in the pipes. They just stop moving. When the CEA reactivates the pump—and they will—everything resumes. We're buying time, not breaking things.""

The distinction feels important. You are not entirely confident it would survive a tribunal.",,,c_rpu_1,Disrupt the pump.,,navigate:red_pumping_done,adjust_energy:-12|adjust_state_chaos:5,c_rpu_2,Hesitate.,,navigate:red_hesitation_1,,,,,,,,,,,,,,,,,,,,,
red_distribution,narrative,"The CEA distribution office at night. Empty, locked, alarmed—except Ash has the alarm codes.

""Former Scholar, remember?"" They enter the sequence without hesitation. ""Some access never gets properly revoked. The system assumes that people who leave the institution also leave its infrastructure."" A beat. ""It has not, historically, been correct about this.""

Inside, the office is a monument to paper-based governance: filing cabinets, ledger books, an abacus of startling complexity, and the particular smell of administrative authority that has been absorbed into the walls over decades of allocation decisions. Somewhere in this room, a form exists that authorized the starvation of four districts. It was probably filed correctly.

Ash doesn't want to steal the ledgers. They want to change them.

""The original allocation numbers are still in the system—archived copies, because the CEA never discards paperwork. I want to restore them. Replace Toris's redirected figures with the allocations that should have been in effect for the past seven months."" They locate the relevant files with a speed that suggests extensive prior research, or possibly prior employment. ""When the morning shift arrives, they'll process the restored numbers. By the time anyone notices, two weeks of materials will have been dispatched to the district.""

It's elegant. It uses the system's own mechanisms to undo the system's own corruption. It is also, by any reasonable legal definition, fraud. The fact that it is corrective fraud—fraud that restores what should have been—does not, you suspect, constitute a recognized defense.",,,c_rdi_1,Alter the ledgers.,,navigate:red_distribution_done,adjust_state_chaos:8,c_rdi_2,Hesitate.,,navigate:red_hesitation_1,,,,,,,,,,,,,,,,,,,,,
red_hesitation_1,narrative,"You hesitate. The action hangs in the air between intention and execution, occupying the particular space where career-ending decisions live.

This is sabotage. Not violence, not destruction, but deliberate disruption of institutional infrastructure. Your Scholar credentials authorize you to assess, document, and recommend. They do not authorize this. Nothing authorizes this. That is, in fact, the central problem—the channels that would authorize corrective action are the same channels that authorized the damage.

""Having second thoughts?"" Ash asks.

""Having accurate thoughts. This is a crime.""

""So is redirecting maintenance materials from a district with a failing seawall. So is signing the transfer orders that starved four districts to fund a railway. So is the quarterly budget review that certified the numbers as legitimate."" Ash's voice doesn't rise. It gets quieter, which is worse. ""The difference is who gets prosecuted.""

The night air carries the salt smell of the bay. Somewhere in the dark, the seawall is holding. For now.

""I can do this alone,"" Ash says. ""It takes longer. The circles are harder without a second pair of trained hands. But I've done harder work with less."" They meet your eyes. ""You can walk away. File the assessment, submit the recommendation, wait for the system to respond through proper channels.""

A pause.

""I filed three reports through proper channels. The system's response killed seven people.""

This is, you recognize, the last clean exit. After this, the choices get harder and the exits get fewer. Your Scholar training has a term for this kind of structural threshold. You are standing on it.",,,c_rh_1,Continue with the operation.,,navigate:red_commitment_junction,,c_rh_2,Walk away.,,navigate:night_conclusion,,,,,,,,,,,,,,,,,,,,,
red_staging_done,narrative,"The circles reverse. The change is immediate and physical—a shift in the harmonic frequency of the conduit network, audible if you know what to listen for. The low hum that has been pulling materials upriver stutters, pauses, and resumes in a different key.

Materials that were flowing out of the district are now flowing back in.

Ash watches the diagnostic readings with the focused attention of someone who understands exactly what they've done and is checking their work anyway. Professional habits die hard, even in the commission of infrastructure crimes.

""Transfer point one: complete."" They note the time on their diagram. ""The materials will take approximately six hours to reach the district storage depots. By morning, the first shipments will arrive at maintenance stations that haven't seen proper supplies in seven months.""

You stand in the staging area and listen to the new frequency of the conduits. Something has changed that can't be unchanged. The circles can be reversed again, certainly—the disruption is technically temporary. But you have crossed a line that exists nowhere on any diagram. You can feel it the way you feel the difference between a structure that's sound and one that's about to fail. Not in the numbers. In the silence between the numbers.",,,c_rsd_1,Move to the next target.,,navigate:red_commitment_junction,,,,,,,,,,,,,,,,,,,,,,,,,,
red_pumping_done,narrative,"The pump halts. The underground silence is sudden and complete—the kind of silence that has physical weight, that presses against your ears like standing water.

For seven months, this machinery has been pulling resources out of Karet Bay with the mechanical indifference of a system doing exactly what it was configured to do. Now it's stopped. The conduit pipes tick and settle as they cool. The exchange circles dim from active blue to dormant grey. The mineral smell of stagnant alchemy thickens in the still air.

""Transfer point two: complete. No more outflow."" Ash marks something on their diagram with the precision of someone filing a field report. The irony of bringing bureaucratic habits to an act of institutional sabotage is, you suspect, not lost on them. They are simply choosing not to acknowledge it.

In the silence, you can hear the district above you. Footsteps, the rattle of a cart, the living sounds of a place that doesn't know what's happening beneath it—that its resources have stopped hemorrhaging, that someone has applied a tourniquet to an arterial wound using the institution's own tools.

The pump sits dormant. It does not care. It is, after all, a pump.",,,c_rpud_1,Move to the next target.,,navigate:red_commitment_junction,,,,,,,,,,,,,,,,,,,,,,,,,,
red_distribution_done,narrative,"The ledgers are altered. Original allocations restored, Toris's redirected figures replaced with the numbers that should have been in effect—the numbers that would have kept four districts maintained, the seawall funded, the infrastructure intact.

The work is surgical. Ash knows exactly which entries to change and which to leave untouched. The result is a set of records that look routine, unremarkable, precisely like the output of an allocation system functioning as intended. Because that is what they are. You haven't falsified anything. You've un-falsified it. Whether the distinction survives contact with a prosecutor remains to be seen.

""Transfer point three: complete."" Ash closes the last ledger and replaces it in the filing cabinet with a care that borders on reverence. ""When the morning clerk processes the paperwork, the materials will be dispatched as they should have been seven months ago. The system will do what it was supposed to do."" They close the cabinet. ""We just had to remind it.""

You look around the office. Everything is exactly where it was. Nothing is damaged, nothing stolen, nothing visibly wrong. A clerk arriving for the morning shift would notice nothing unusual. They would process the day's allocations, stamp the requisitions, and send the materials to their proper destinations. The system would work.

The fact that it required two people committing fraud at three in the morning to make the system work is, you suppose, the thesis statement of Ash's entire political philosophy.",,,c_rdd_1,Proceed to the next step.,,navigate:red_commitment_junction,,,,,,,,,,,,,,,,,,,,,,,,,,
red_commitment_junction,narrative,"Two of the three transfer points disrupted. The scale of what you've done settles into your bones like the underground cold.

You're standing in a maintenance corridor between districts—the kind of liminal infrastructure space that exists on engineering maps and nowhere else. Ash's diagrams are spread on a pipe housing, annotated with completion marks. The marks are neat. Organized. The documentation of a crime, filed with professional care.

""The disruptions are temporary,"" Ash says. ""The CEA will find them. The circles will be re-reversed, the pump restarted, the ledgers corrected. A day, maybe two. Long enough to cause inconvenience. Not long enough to matter.""

They look at you.

""Unless we seal the changes. Permanent circle modifications—hardened inscriptions that can't be simply overwritten. The CEA will need a full engineering team and at least two weeks to undo them. Two weeks of materials flowing to the district. Two weeks of the transit rail project stalled. Two weeks of people on the Revolutionary Council asking very expensive questions.""

The pipes around you carry the district's rerouted lifeblood. The air is cold and tastes of metal.

""After this, there's no claiming it was a malfunction. No ambiguity, no plausible accident. This becomes an act of intentional interference with CEA infrastructure."" Ash meets your eyes. ""By a credentialed Scholar."" A beat. ""By two former Scholars, technically. Though only one of us still has credentials to lose.""",,,c_rcj_1,Seal the changes.,,navigate:red_final_operation,set_flag:supply_sabotaged:true|adjust_state_chaos:10,c_rcj_2,Refuse the final step.,,navigate:red_partial_retreat,,,,,,,,,,,,,,,,,,,,,
red_partial_retreat,narrative,"You refuse the final step. The word comes out quieter than you intended, but it comes out.

Ash nods. The disappointment is visible but contained—the expression of someone who has learned to calibrate their expectations for institutional courage.

""The disruption will last hours. Maybe a day, if the night shift is as understaffed as usual."" They fold their diagrams with the deliberate care of someone putting away tools they expect to use again. ""The CEA will reset everything. The materials will resume flowing upriver. The transit rail project will barely notice the delay.""

A pause. Somewhere above you, the district sleeps.

""You got further than I expected for a Scholar."" Not quite a compliment. Not quite an insult. An observation, delivered with the precision of someone who has studied your profession and found it structurally sound but functionally inadequate. ""If you change your mind, the pamphlets will tell you where to look.""

Ash disappears into the maintenance tunnels—back into anonymity, back into the spaces between institutions where the system's failures become someone else's operating manual. You stand in the corridor with the cold pipes and the partial victory and the knowledge that you found the exact limit of your courage and it fell short of the need.

The temporary disruption buys time. Hours, maybe a day. Whether anyone uses that time depends on factors well beyond your field of assessment.",,adjust_state_chaos:5,c_rpr_1,Return to the night.,,navigate:night_conclusion,,,,,,,,,,,,,,,,,,,,,,,,,,
red_final_operation,narrative,"The final operation takes three hours. You and Ash work side by side on the permanent seals, and the work is—there is no other word for it—beautiful.

The circle modifications are complex, layered, interlocking. Well beyond standard field evaluation. Beyond the Academy curriculum. This is the work of someone who learned the theory and then kept going, past the approved applications and into the territory where infrastructure alchemy becomes something closer to art.

Ash is good. Very good. Former Scholar good, and then some. Their hands move across the inscription surfaces with a fluency that makes your own competent work look like careful handwriting next to calligraphy. You provide the structural analysis—where to anchor, how to distribute load, which paths to reinforce. Ash provides the execution.

Together, you create something that will take the CEA weeks to reverse. The seals are elegant, nested, self-reinforcing—each one protecting the others, the whole greater than the sum of its parts. Undoing them requires understanding them, and understanding them requires admitting that the people who made them knew exactly what they were doing and why.

The materials will flow to the district. The transit rail project will stall. Somewhere in the upper city, someone is about to have a very bad week. Several someones. The kind of week that generates emergency council sessions and urgent memos and the particular institutional panic that occurs when the cost of a policy becomes visible to the people who approved it.

Dawn is three hours away. The work is done. The exchange has been forced.",,adjust_state_chaos:15,c_rfo_1,Leave cleanly.,,navigate:red_aftermath_clean,,c_rfo_2,Check the seawall while you're here.,,navigate:red_aftermath_seawall,adjust_energy:-10,,,,,,,,,,,,,,,,,,,,
red_aftermath_clean,narrative,"You leave the operation site as dawn approaches. The sky over Karet Bay is the color of spent fuel ash—grey with undertones of chemical orange, the particular palette of a district that processes more industrial byproduct than it receives maintenance funding for.

Ash disappears. No farewell, no handshake, no dramatic last words. They turn a corner and aren't there anymore—back into anonymity, back into the pamphlet press, back into the space between institutions where the work that doesn't fit on official forms gets done by people who don't appear on official rosters.

You walk through the waking district. Workers head to the morning shift, shoulders set against the cold, moving with the practiced endurance of people who have adapted to scarcity as though it were weather. They don't know that today, for the first time in seven months, the materials they need will actually arrive at the maintenance depots.

They won't know why, either. That's the nature of infrastructure—when it works, nobody notices. When it fails, everyone suffers. When someone commits three felonies to make it work again, the philosophical implications arrive well after the first shift whistle.

A woman passes you carrying a child on her hip. The child stares at you with the uncomplicated interest of someone who has not yet learned to assess cost. You stare back. You have.",,,c_rac_1,Face the day.,,navigate:red_consequences,,,,,,,,,,,,,,,,,,,,,,,,,,
red_aftermath_seawall,narrative,"You detour to the seawall. A compulsion, or a professional obligation, or the need to verify that what you've done connects to something real. The categories blur at this hour.

The reversed material flow hasn't reached the maintenance circles yet—that will take days, possibly longer, depending on how quickly the district's depleted infrastructure can process an actual supply of resources after seven months of starvation. But the toxic inflow has stopped. The drainage conduit that was poisoning the foundations—the one leaking industrial runoff into structural stone—is dry. The flow reversal cut its supply line along with everything else.

You put your hand on the cold stone. The seawall is still degrading. Seven months of damage doesn't reverse overnight. The micro-fractures are still propagating, the bonding agents still failing, the structural integrity still declining on a curve that bends toward eventual catastrophe.

But slower now. The poisoning has stopped. The bleeding—to use a metaphor that feels less metaphorical at four in the morning with your hand on dying infrastructure—has been staunched.

Time has been bought. Not enough, probably. Enough to matter, possibly. Whether it's sufficient depends on what happens next—on investigations and tribunals and the particular alchemy by which political consequences get distributed. On whether the system, forced to look at what it's done, chooses to repair the damage or simply find someone to blame for making it visible.

Your hand is cold. The stone is colder. The dawn is coming.",,adjust_stability:5,c_ras_1,Face the day.,,navigate:red_consequences,,,,,,,,,,,,,,,,,,,,,,,,,,
red_consequences,narrative,"The consequences arrive by midday, with the punctuality of a system that has been wounded in its budget.

The transit rail project reports a material shortage at 0900. By 1000, the CEA has dispatched investigators to the three transfer points. By 1100, Toris discovers the altered allocations and begins what you imagine is a very loud conversation with several filing cabinets. By noon, your Scholar credentials are flagged—not suspended, not yet, but flagged, which in bureaucratic terms is the institutional equivalent of a drawn weapon.

Senna's shipping manifests show irregularities. The workers at the staging area report the flow reversal but can't explain it. The pumping station's maintenance shutoff is discovered and reset—but the permanent seals hold. The engineering team dispatched to reverse them stares at the circle work for ten minutes and then requests additional personnel. And a budget increase. The irony is institutional.

The system is reacting. Not gracefully, not justly, not with any particular concern for the four districts that have been starved of resources for seven months. But reacting. The machinery of institutional self-preservation has been engaged, and institutional self-preservation requires, at minimum, identifying what happened.

The Revolutionary Council calls an emergency session. The transit rail sponsors demand answers. The CEA demands someone to blame. The Measured Scholars are, in their careful way, demanding nothing—but three senior evaluators have formally requested access to the full allocation records, and that request carries more institutional weight than any demand.

Someone is going to pay for this disruption. The question is whether the investigation finds the cause—Toris's redirection—or the symptom—your interference. In a just system, it would find both. You are not in a just system. You are in a system that is, for the first time in seven months, being forced to look at itself.",,adjust_state_chaos:10,c_rco_1,Let it play out.,world_check:stateChaos:>=:35,navigate:ending_red,,c_rco_2,Try to control the narrative.,,navigate:ending_red,,,,,,,,,,,,,,,,,,,,,
ending_red,ending,"The investigation finds both.

You are charged with infrastructure sabotage—specifically, unauthorized modification of CEA exchange circles, unlawful entry into a restricted facility, and fraudulent alteration of material allocation records. Toris is charged with malfeasance in office, misappropriation of public resources, and negligent endangerment of district infrastructure. The charges are read in the same courthouse, on the same day, by the same clerk, who manages to make both sets of accusations sound equally routine.

The trial is public. The evidence is comprehensive and contradictory in the way that truth tends to be when it involves more than one guilty party. The chronicle—if Dima wrote one—is entered as evidence for both the prosecution and the defense simultaneously. The Red Balance pamphlets are entered as evidence. Your Scholar assessment reports are entered as evidence. Senna's manifests, your field notes, the diagnostic readings from the seawall, the redirected allocation records—all of it laid out in a courtroom like an autopsy of institutional failure.

The verdict: guilty on all counts. For everyone.

The judge's statement includes a phrase that will be quoted in legal texts, academic papers, and at least fourteen future pamphlets: ""The cost of preventing harm does not excuse the method of prevention. But the cost of causing harm does not disappear because the prevention was irregular.""

Toris loses his position. You lose your Scholar credentials. The transit rail project is suspended pending a full audit that will take eighteen months and produce a report no one will finish reading. Three districts—including Karet Bay—receive emergency material allocations. The seawall receives a proper repair crew, the first in seven months. They arrive with adequate materials and professional circle work and the quietly appalled expressions of people who can see exactly how close the structure came to catastrophic failure.

You serve four months for infrastructure sabotage, reduced from two years. The reduction is granted because the investigation conclusively proved that your sabotage prevented greater harm—a legal precedent that makes several Constitutional scholars deeply uncomfortable and will generate academic debate for a generation.

Ash sends you one final pamphlet, delivered to your cell by a guard who carefully pretends not to know where it came from. The front reads:

YEAR EIGHTY-THREE, ADDENDUM

Below, in smaller type:

*Sometimes the exchange requires that someone forces the balance. The cost of forcing is real. The alternative was worse. These two things can both be true.*

You are released in autumn. The district remembers you—not as a hero, exactly, but as something the language hasn't quite developed a word for. The person who broke the system to prove it was already broken. Who committed a crime to expose a greater one. Who paid the cost and didn't pretend it wasn't a cost.

Ash never reveals themselves. The pamphlets continue. The Red Balance becomes a political movement, then a minor party, then a permanent and uncomfortable fixture of the republic's conscience.

The balance is not restored. It was never going to be—that's not how exchange works. But it's closer than it was, and the distance between what is and what should be has been measured, publicly, in a courtroom, with evidence and testimony and the particular weight of institutional record. The measurement is the thing. The measurement was always the thing.

[ENDING: THE RED EXCHANGE]

*The cost was real. The cost fell on everyone—on you, on Toris, on the system itself. In a world where someone always pays, you chose to make the payment visible. Whether that was justice or another form of violence depends on where you were standing when the bill came due.*",,,c_er_1,Begin again.,,navigate:start,,,,,,,,,,,,,,,,,,,,,,,,,,
brin_on_kaelen,narrative,"Brin's hands stop moving when you mention Kaelen's name. Not dramatically—she does not freeze or flinch. She simply pauses while sorting pipe sections and gives the question the attention it merits.

'Kaelen grew up three streets from here. His mother ran the fuel-block cooperative before the CEA centralized distribution—one of the people who kept this district heated when the official supply chain decided we were not a priority.' She picks up a pipe section, examines it, sets it down. 'When that work ended, she took contract crews on the seawall. His father did structural reinforcement on the same lines—good enough that they gave him the sections where small errors become collapses.'

She looks at you directly. 'He lost his father in a maintenance crane failure on the seawall. The report called it operator error. Kaelen was fourteen. He learned early how institutions distribute blame and who still has to live with the outcome. You can argue his methods; the premise is not invented.'

She returns to her sorting. The conversation, apparently, is complete.",,set_flag:kaelen_backstory:true|adjust_freehands_rep:5,c_bok_1,Return to the safehouse.,,navigate:freehands_safehouse,,c_bok_2,Find Kaelen.,,navigate:track_disturbance,,,,,,,,,,,,,,,,,,,,,
brin_kaelen_followup,narrative,"Brin taps the manifest edge once without looking up. 'You already heard him tell it on the dock,' she says. 'The bones of the story do not change because a Scholar repeats the words indoors.'

She exhales through her nose. 'What he cannot see from the yard is the chain on paper. When Seren had me trace a runner route, I pulled copies from the Exchange box—three unsigned cooperative receipts, stamped priority reassignment the same week his mother took wall work. That is not moral arithmetic. It is dates that agree with one another.'

She meets your eyes. 'The network still carries the old names in low voices. If you want the man and not the legend, watch him when iron groans overhead. The clerks already showed who held the pen.'",,,c_bkf_1,Return to the safehouse.,,navigate:freehands_safehouse,,c_bkf_2,Find Kaelen.,,navigate:track_disturbance,,,,,,,,,,,,,,,,,,,,,
fh_volunteer,narrative,"You tell Brin you want to help. She studies you for three seconds—reading you the way she reads structural damage, looking for load-bearing capacity and hidden weaknesses.

'Scholar hands,' she says. Not dismissive. Diagnostic. 'You know circle theory. Can you inscribe a standard reinforcement pattern on bonding paste?'

You can. The Academy taught you the theory at length. The practical application—drawing inscription patterns on actual surfaces with actual paste that actual families depend on—was not part of the curriculum. But the principles are the same. They should be the same.

Brin assigns you to a repair team heading to the residential blocks near the old canal. Three buildings with water junction failures. Tier 0 materials only—no Guild-grade supplies, no Tier 2 bonding paste, no proper inscription tools. Just salvaged paste, improvised stencils, and the kind of creative problem-solving that the Academy would call unauthorized and the people living above these junctions call necessary.

The team lead, a wiry woman named Pel, hands you a chalk stylus and a bucket of reclaimed bonding paste. 'Draw what you know. We'll tell you what works down here.'

Your Scholar credentials mean nothing in this basement. Your circle theory means everything.",,set_flag:fh_volunteered:true|adjust_scholar_rep:-5|adjust_freehands_rep:15|adjust_worker_rep:10,c_fhv_1,Return to the safehouse when finished.,,navigate:freehands_safehouse,,c_fhv_2,Ask to join the next repair run.,,navigate:repair_briefing,,,,,,,,,,,,,,,,,,,,,
craft_network_scope,narrative,"Elara pulls a folded paper from her back pocket—hand-drawn, annotated in her precise script, the kind of technical documentation that no institution asked for and no institution will acknowledge.

'The residential water network has forty-seven junction points,' she says, smoothing the paper across the repaired junction box. 'Thirty-one are in some stage of failure. Fourteen are critical—the kind of failure where ''critical'' means someone gets sick if it rains hard enough to push groundwater into the supply lines.'

She traces the network with her finger. 'The CEA knows about eleven of them. They've scheduled repairs for three. The schedule puts the first repair four months out, which is optimistic because the schedule assumes material availability that doesn't exist since the transit rail requisition.'

She folds the paper. Not angrily. Precisely. The way you fold something you'll need again soon.

'One person with proper training can fix a junction in ninety minutes. Two people—one who knows the theory, one who knows the pipes—can do it in forty. There are thirty-one junctions and two of us.' She looks at you. 'That's the scope. That's the work. The question is whether you want to do math or do plumbing.'

The question is not actually about plumbing. You both know this.",,,c_cns_1,Commit to the work.,,navigate:craft_commitment,,c_cns_2,Study the network map first.,,navigate:craft_study,,c_cns_3,Return to the official investigation.,,navigate:seek_answers,,,,,,,,,,,,,,,,